598344.054;3678599.385;-38.954
598344.032;3678599.381;-38.955
598343.503;3678599.319;-38.957
598343.026;3678599.272;-38.874
598342.527;3678599.260;-38.840
598341.448;3678599.167;-38.799
598341.024;3678599.127;-38.785
598340.522;3678599.063;-38.777
598340.009;3678598.998;-38.773
598339.529;3678598.958;-38.778
598338.972;3678598.899;-38.779
598338.481;3678598.841;-38.773
598338.056;3678598.778;-38.765
598337.557;3678598.715;-38.760
598337.053;3678598.685;-38.752
598336.552;3678598.653;-38.739
598336.033;3678598.605;-38.722
598335.522;3678598.535;-38.707
598335.015;3678598.471;-38.698
598334.481;3678598.414;-38.693
598334.079;3678598.383;-38.699
598333.499;3678598.340;-38.701
598332.994;3678598.293;-38.705
598332.510;3678598.221;-38.713
598332.015;3678598.154;-38.714
598331.522;3678598.110;-38.712
598331.024;3678598.072;-38.708
598330.523;3678598.026;-38.705
598330.044;3678597.964;-38.706
598329.563;3678597.893;-38.706
598329.075;3678597.842;-38.700
598328.567;3678597.797;-38.696
598328.076;3678597.753;-38.691
598327.591;3678597.703;-38.689
598327.109;3678597.660;-38.686
598326.616;3678597.617;-38.685
598326.025;3678597.543;-38.680
598325.619;3678597.497;-38.675
598325.114;3678597.442;-38.669
598324.620;3678597.389;-38.665
598324.110;3678597.341;-38.662
598323.632;3678597.293;-38.659
598323.052;3678597.215;-38.647
598322.638;3678597.168;-38.641
598322.133;3678597.115;-38.634
598321.625;3678597.081;-38.630
598321.132;3678597.057;-38.627
598320.625;3678597.009;-38.623
598320.130;3678596.961;-38.619
598319.653;3678596.906;-38.612
598319.160;3678596.838;-38.605
598318.655;3678596.772;-38.601
598318.159;3678596.719;-38.599
598317.573;3678596.665;-38.595
598317.080;3678596.617;-38.592
598316.596;3678596.561;-38.589
598316.113;3678596.505;-38.582
598315.627;3678596.448;-38.577
598315.128;3678596.401;-38.570
598314.631;3678596.364;-38.564
598314.138;3678596.326;-38.558
598313.646;3678596.283;-38.553
598313.162;3678596.218;-38.545
598312.662;3678596.145;-38.540
598312.166;3678596.082;-38.534
598311.672;3678596.037;-38.532
598311.181;3678595.987;-38.528
598310.679;3678595.932;-38.525
598310.187;3678595.881;-38.517
598309.691;3678595.829;-38.511
598309.190;3678595.787;-38.505
598308.698;3678595.748;-38.501
598308.199;3678595.711;-38.494
598307.703;3678595.655;-38.489
598307.216;3678595.602;-38.483
598306.715;3678595.567;-38.481
598306.216;3678595.514;-38.476
598305.722;3678595.442;-38.472
598305.233;3678595.370;-38.466
598304.728;3678595.320;-38.459
598304.222;3678595.283;-38.453
598303.738;3678595.240;-38.447
598303.149;3678595.199;-38.440
598302.663;3678595.151;-38.436
598302.162;3678595.098;-38.430
598301.674;3678595.034;-38.427
598301.183;3678594.967;-38.422
598300.687;3678594.916;-38.419
598300.178;3678594.865;-38.414
598299.680;3678594.827;-38.410
598299.184;3678594.766;-38.403
598298.689;3678594.701;-38.398
598298.189;3678594.646;-38.392
598297.697;3678594.585;-38.388
598297.194;3678594.543;-38.382
598296.686;3678594.511;-38.374
598296.194;3678594.472;-38.369
598295.694;3678594.405;-38.366
598295.215;3678594.331;-38.359
598294.709;3678594.285;-38.356
598294.213;3678594.236;-38.351
598293.713;3678594.191;-38.347
598293.212;3678594.163;-38.343
598292.715;3678594.116;-38.340
598292.215;3678594.080;-38.333
598291.743;3678593.985;-38.327
598291.257;3678593.939;-38.320
598290.770;3678593.918;-38.316
598290.271;3678593.877;-38.312
598289.781;3678593.804;-38.309
598289.305;3678593.739;-38.307
598288.812;3678593.676;-38.308
598288.310;3678593.628;-38.304
598287.809;3678593.605;-38.302
598287.324;3678593.554;-38.292
598286.827;3678593.477;-38.281
598286.329;3678593.403;-38.275
598285.753;3678593.369;-38.272
598285.272;3678593.319;-38.270
598284.793;3678593.295;-38.265
598284.285;3678593.262;-38.261
598283.793;3678593.200;-38.257
598283.313;3678593.137;-38.252
598282.818;3678593.094;-38.250
598282.335;3678592.993;-38.247
598281.842;3678592.931;-38.248
598281.365;3678592.881;-38.248
598280.789;3678592.832;-38.246
598280.299;3678592.789;-38.244
598279.816;3678592.753;-38.241
598279.322;3678592.704;-38.236
598278.829;3678592.657;-38.233
598278.321;3678592.595;-38.228
598277.823;3678592.541;-38.225
598277.317;3678592.487;-38.223
598276.803;3678592.431;-38.219
598276.303;3678592.376;-38.213
598275.797;3678592.330;-38.210
598275.395;3678592.300;-38.208
598274.803;3678592.262;-38.204
598274.316;3678592.209;-38.198
598273.843;3678592.181;-38.195
598273.375;3678592.109;-38.190
598272.880;3678592.022;-38.182
598272.399;3678591.975;-38.176
598271.903;3678591.958;-38.174
598271.322;3678591.894;-38.172
598270.821;3678591.840;-38.172
598270.339;3678591.794;-38.171
598269.862;3678591.711;-38.171
598269.393;3678591.654;-38.167
598268.905;3678591.615;-38.163
598268.409;3678591.572;-38.161
598267.909;3678591.511;-38.156
598267.437;3678591.454;-38.152
598266.860;3678591.399;-38.145
598266.354;3678591.363;-38.143
598265.848;3678591.316;-38.140
598265.367;3678591.264;-38.140
598264.879;3678591.204;-38.140
598264.380;3678591.159;-38.135
598263.878;3678591.125;-38.128
598263.376;3678591.067;-38.120
598262.883;3678591.014;-38.113
598262.397;3678590.951;-38.106
598261.900;3678590.887;-38.100
598261.397;3678590.841;-38.099
598260.901;3678590.782;-38.090
598260.394;3678590.736;-38.087
598259.901;3678590.679;-38.082
598259.383;3678590.638;-38.080
598258.892;3678590.567;-38.074
598258.477;3678590.512;-38.071
598257.963;3678590.478;-38.068
598257.469;3678590.462;-38.066
598256.968;3678590.425;-38.062
598256.466;3678590.353;-38.058
598255.976;3678590.289;-38.052
598255.486;3678590.233;-38.045
598254.995;3678590.169;-38.038
598254.499;3678590.112;-38.034
598254.005;3678590.078;-38.032
598253.444;3678590.011;-38.026
598252.940;3678589.960;-38.022
598252.446;3678589.905;-38.019
598251.950;3678589.860;-38.018
598251.442;3678589.826;-38.015
598250.946;3678589.779;-38.003
598250.459;3678589.727;-37.995
598249.965;3678589.659;-37.994
598249.479;3678589.618;-37.991
598248.983;3678589.571;-37.986
598248.485;3678589.519;-37.981
598247.990;3678589.438;-37.973
598247.490;3678589.373;-37.967
598246.980;3678589.353;-37.963
598246.492;3678589.309;-37.960
598245.979;3678589.267;-37.955
598245.482;3678589.219;-37.950
598245.001;3678589.167;-37.944
598244.510;3678589.105;-37.941
598244.008;3678589.040;-37.936
598243.505;3678588.998;-37.932
598243.004;3678588.963;-37.926
598242.507;3678588.914;-37.921
598242.009;3678588.834;-37.913
598241.512;3678588.776;-37.908
598241.017;3678588.727;-37.902
598240.513;3678588.687;-37.897
598240.017;3678588.642;-37.893
598239.522;3678588.595;-37.891
598239.033;3678588.530;-37.886
598238.535;3678588.480;-37.885
598238.040;3678588.422;-37.882
598237.568;3678588.372;-37.879
598237.070;3678588.321;-37.872
598236.572;3678588.281;-37.867
598236.099;3678588.216;-37.863
598235.603;3678588.174;-37.858
598235.103;3678588.129;-37.855
598234.523;3678588.063;-37.847
598234.024;3678587.997;-37.840
598233.622;3678587.949;-37.841
598233.060;3678587.880;-37.840
598232.566;3678587.838;-37.835
598232.064;3678587.798;-37.830
598231.565;3678587.760;-37.827
598231.085;3678587.707;-37.824
598230.590;3678587.640;-37.821
598230.085;3678587.592;-37.819
598229.601;3678587.558;-37.817
598229.113;3678587.489;-37.810
598228.595;3678587.424;-37.805
598228.108;3678587.377;-37.799
598227.604;3678587.322;-37.793
598227.066;3678587.277;-37.788
598226.588;3678587.229;-37.788
598226.086;3678587.184;-37.786
598225.577;3678587.129;-37.783
598225.072;3678587.070;-37.780
598224.592;3678587.018;-37.776
598224.093;3678586.949;-37.770
598223.589;3678586.921;-37.762
598223.104;3678586.881;-37.755
598222.595;3678586.798;-37.747
598222.090;3678586.753;-37.742
598221.592;3678586.734;-37.740
598221.084;3678586.688;-37.734
598220.685;3678586.643;-37.733
598220.110;3678586.586;-37.727
598219.618;3678586.516;-37.716
598219.188;3678586.450;-37.709
598218.687;3678586.391;-37.707
598218.107;3678586.333;-37.708
598217.690;3678586.286;-37.708
598217.203;3678586.277;-37.709
598216.630;3678586.238;-37.701
598216.208;3678586.180;-37.692
598215.715;3678586.110;-37.689
598215.131;3678586.074;-37.685
598214.636;3678586.024;-37.677
598214.126;3678585.962;-37.671
598213.649;3678585.904;-37.670
598213.135;3678585.855;-37.664
598212.727;3678585.819;-37.661
598212.156;3678585.756;-37.658
598211.665;3678585.691;-37.657
598211.171;3678585.628;-37.650
598210.659;3678585.564;-37.648
598210.153;3678585.507;-37.642
598209.738;3678585.473;-37.642
598209.233;3678585.425;-37.642
598208.749;3678585.390;-37.639
598208.226;3678585.341;-37.631
598207.718;3678585.270;-37.624
598207.242;3678585.195;-37.620
598206.729;3678585.146;-37.618
598206.225;3678585.117;-37.617
598205.732;3678585.054;-37.617
598205.231;3678585.003;-37.612
598204.736;3678584.989;-37.607
598204.243;3678584.950;-37.603
598203.744;3678584.878;-37.599
598203.261;3678584.806;-37.594
598202.755;3678584.729;-37.599
598202.273;3678584.664;-37.598
598201.754;3678584.652;-37.595
598201.258;3678584.627;-37.590
598200.771;3678584.549;-37.583
598200.287;3678584.487;-37.580
598199.706;3678584.457;-37.580
598199.216;3678584.401;-37.573
598198.717;3678584.337;-37.570
598198.239;3678584.275;-37.566
598197.744;3678584.230;-37.565
598197.241;3678584.174;-37.562
598196.780;3678584.105;-37.557
598196.297;3678584.122;-37.550
598195.790;3678584.053;-37.547
598195.307;3678583.980;-37.548
598194.824;3678583.930;-37.551
598194.233;3678583.915;-37.549
598193.736;3678583.850;-37.545
598193.240;3678583.792;-37.543
598192.749;3678583.743;-37.540
598192.266;3678583.686;-37.533
598191.767;3678583.632;-37.529
598191.272;3678583.581;-37.525
598190.791;3678583.532;-37.525
598190.296;3678583.472;-37.521
598189.801;3678583.433;-37.520
598189.320;3678583.388;-37.518
598188.826;3678583.341;-37.513
598188.335;3678583.273;-37.509
598187.843;3678583.210;-37.504
598187.276;3678583.147;-37.497
598186.783;3678583.108;-37.489
598186.296;3678583.059;-37.482
598185.783;3678583.015;-37.479
598185.299;3678582.984;-37.481
598184.826;3678582.932;-37.475
598184.340;3678582.859;-37.466
598183.838;3678582.808;-37.460
598183.340;3678582.762;-37.449
598182.846;3678582.703;-37.441
598182.356;3678582.643;-37.433
598181.862;3678582.608;-37.429
598181.373;3678582.568;-37.424
598180.875;3678582.503;-37.416
598180.361;3678582.433;-37.407
598179.859;3678582.375;-37.401
598179.361;3678582.338;-37.398
598178.865;3678582.273;-37.392
598178.356;3678582.237;-37.388
598177.852;3678582.195;-37.388
598177.385;3678582.134;-37.380
598176.883;3678582.086;-37.368
598176.376;3678582.042;-37.363
598175.873;3678581.994;-37.358
598175.374;3678581.956;-37.358
598174.892;3678581.901;-37.353
598174.394;3678581.830;-37.347
598173.896;3678581.769;-37.337
598173.384;3678581.720;-37.332
598172.896;3678581.666;-37.333
598172.400;3678581.636;-37.330
598171.892;3678581.593;-37.328
598171.409;3678581.514;-37.320
598170.903;3678581.455;-37.310
598170.412;3678581.415;-37.303
598169.921;3678581.349;-37.297
598169.417;3678581.304;-37.292
598168.923;3678581.266;-37.288
598168.419;3678581.222;-37.284
598167.920;3678581.169;-37.279
598167.433;3678581.106;-37.272
598166.932;3678581.064;-37.266
598166.437;3678581.001;-37.257
598165.923;3678580.964;-37.253
598165.447;3678580.927;-37.252
598164.964;3678580.860;-37.246
598164.455;3678580.797;-37.239
598163.966;3678580.754;-37.231
598163.469;3678580.713;-37.223
598162.974;3678580.676;-37.218
598162.478;3678580.620;-37.216
598161.971;3678580.558;-37.210
598161.487;3678580.459;-37.204
598161.001;3678580.382;-37.201
598160.513;3678580.350;-37.193
598160.006;3678580.324;-37.189
598159.512;3678580.253;-37.185
598159.009;3678580.209;-37.179
598158.514;3678580.185;-37.174
598158.003;3678580.112;-37.168
598157.510;3678580.038;-37.166
598157.020;3678580.012;-37.164
598156.508;3678579.986;-37.156
598156.001;3678579.928;-37.151
598155.482;3678579.863;-37.146
598154.987;3678579.843;-37.136
598154.489;3678579.778;-37.133
598153.988;3678579.689;-37.129
598153.506;3678579.679;-37.127
598153.009;3678579.642;-37.124
598152.518;3678579.571;-37.120
598152.027;3678579.531;-37.116
598151.530;3678579.471;-37.114
598151.047;3678579.422;-37.108
598150.554;3678579.349;-37.104
598150.055;3678579.287;-37.097
598149.479;3678579.223;-37.092
598148.982;3678579.184;-37.092
598148.567;3678579.155;-37.094
598148.075;3678579.111;-37.094
598147.509;3678579.050;-37.090
598147.024;3678579.008;-37.076
598146.524;3678578.961;-37.071
598146.030;3678578.900;-37.070
598145.550;3678578.816;-37.067
598145.047;3678578.752;-37.063
598144.537;3678578.736;-37.058
598144.034;3678578.689;-37.053
598143.557;3678578.634;-37.047
598143.047;3678578.595;-37.047
598142.546;3678578.546;-37.045
598142.067;3678578.465;-37.035
598141.560;3678578.423;-37.028
598141.061;3678578.390;-37.022
598140.556;3678578.343;-37.018
598140.054;3678578.269;-37.013
598139.552;3678578.225;-37.011
598139.059;3678578.191;-37.008
598138.559;3678578.137;-37.005
598138.074;3678578.077;-37.001
598137.587;3678578.006;-36.994
598137.077;3678577.933;-36.991
598136.584;3678577.899;-36.991
598136.089;3678577.862;-36.987
598135.589;3678577.816;-36.977
598135.087;3678577.748;-36.970
598134.588;3678577.736;-36.967
598134.095;3678577.656;-36.958
598133.591;3678577.592;-36.955
598133.103;3678577.544;-36.952
598132.609;3678577.496;-36.945
598132.122;3678577.453;-36.937
598131.641;3678577.385;-36.934
598131.153;3678577.353;-36.931
598130.660;3678577.303;-36.924
598130.165;3678577.239;-36.916
598129.584;3678577.159;-36.913
598129.171;3678577.131;-36.908
598128.603;3678577.078;-36.902
598128.087;3678577.011;-36.901
598127.601;3678576.984;-36.899
598127.121;3678576.943;-36.893
598126.619;3678576.847;-36.888
598126.117;3678576.802;-36.881
598125.628;3678576.740;-36.879
598125.136;3678576.737;-36.876
598124.652;3678576.714;-36.874
598124.181;3678576.615;-36.872
598123.693;3678576.577;-36.871
598123.206;3678576.547;-36.866
598122.708;3678576.504;-36.856
598122.214;3678576.408;-36.851
598121.623;3678576.347;-36.849
598121.139;3678576.302;-36.846
598120.649;3678576.264;-36.847
598120.150;3678576.213;-36.843
598119.664;3678576.156;-36.840
598119.201;3678576.091;-36.834
598118.685;3678576.041;-36.830
598118.185;3678575.979;-36.828
598117.711;3678575.935;-36.825
598117.215;3678575.924;-36.826
598116.725;3678575.874;-36.824
598116.224;3678575.805;-36.822
598115.722;3678575.742;-36.818
598115.228;3678575.703;-36.811
598114.729;3678575.650;-36.805
598114.254;3678575.582;-36.801
598113.751;3678575.539;-36.798
598113.253;3678575.491;-36.798
598112.680;3678575.432;-36.800
598112.205;3678575.389;-36.800
598111.727;3678575.329;-36.798
598111.243;3678575.257;-36.792
598110.749;3678575.204;-36.786
598110.269;3678575.160;-36.783
598109.771;3678575.146;-36.782
598109.193;3678575.120;-36.774
598108.704;3678575.002;-36.768
598108.232;3678574.916;-36.766
598107.778;3678574.910;-36.766
598107.285;3678574.857;-36.762
598106.793;3678574.809;-36.761
598106.299;3678574.762;-36.757
598105.706;3678574.717;-36.752
598105.207;3678574.675;-36.747
598104.719;3678574.625;-36.742
598104.305;3678574.556;-36.738
598103.722;3678574.517;-36.732
598103.228;3678574.483;-36.722
598102.732;3678574.411;-36.716
598102.318;3678574.364;-36.713
598101.740;3678574.297;-36.709
598101.244;3678574.232;-36.705
598100.753;3678574.190;-36.704
598100.255;3678574.135;-36.699
598099.749;3678574.081;-36.693
598099.255;3678574.019;-36.686
598098.767;3678573.983;-36.683
598098.276;3678573.950;-36.678
598097.784;3678573.881;-36.674
598097.274;3678573.833;-36.670
598096.780;3678573.787;-36.667
598096.288;3678573.711;-36.665
598095.793;3678573.679;-36.658
598095.301;3678573.640;-36.655
598094.822;3678573.591;-36.647
598094.309;3678573.547;-36.640
598093.800;3678573.496;-36.635
598093.315;3678573.418;-36.631
598092.811;3678573.341;-36.627
598092.316;3678573.285;-36.625
598091.814;3678573.271;-36.619
598091.320;3678573.261;-36.615
598090.825;3678573.199;-36.605
598090.325;3678573.125;-36.593
598089.828;3678573.063;-36.584
598089.342;3678573.007;-36.577
598088.846;3678572.944;-36.571
598088.357;3678572.904;-36.568
598087.885;3678572.861;-36.564
598087.386;3678572.821;-36.562
598086.879;3678572.771;-36.554
598086.376;3678572.722;-36.549
598085.895;3678572.638;-36.540
598085.388;3678572.578;-36.535
598084.877;3678572.549;-36.531
598084.399;3678572.484;-36.520
598083.901;3678572.431;-36.511
598083.402;3678572.414;-36.509
598082.918;3678572.353;-36.507
598082.335;3678572.272;-36.501
598081.847;3678572.210;-36.492
598081.346;3678572.160;-36.485
598080.851;3678572.111;-36.478
598080.362;3678572.056;-36.470
598079.857;3678572.030;-36.468
598079.365;3678571.986;-36.466
598078.890;3678571.917;-36.464
598078.402;3678571.884;-36.460
598077.923;3678571.830;-36.457
598077.446;3678571.762;-36.454
598076.946;3678571.704;-36.449
598076.438;3678571.655;-36.441
598075.944;3678571.608;-36.433
598075.457;3678571.568;-36.425
598074.949;3678571.533;-36.422
598074.450;3678571.500;-36.419
598073.948;3678571.466;-36.412
598073.455;3678571.379;-36.411
598072.981;3678571.311;-36.405
598072.468;3678571.251;-36.392
598071.957;3678571.201;-36.381
598071.441;3678571.153;-36.371
598070.927;3678571.107;-36.367
598070.434;3678571.047;-36.363
598069.940;3678570.994;-36.356
598069.423;3678570.963;-36.346
598068.924;3678570.900;-36.334
598068.440;3678570.837;-36.331
598067.941;3678570.796;-36.326
598067.446;3678570.770;-36.316
598066.960;3678570.707;-36.308
598066.470;3678570.647;-36.302
598065.979;3678570.574;-36.297
598065.506;3678570.541;-36.293
598064.935;3678570.492;-36.287
598064.456;3678570.445;-36.286
598063.981;3678570.396;-36.285
598063.495;3678570.342;-36.279
598062.994;3678570.272;-36.276
598062.504;3678570.222;-36.272
598062.029;3678570.167;-36.270
598061.530;3678570.106;-36.271
598061.026;3678570.076;-36.271
598060.527;3678570.037;-36.268
598060.036;3678569.982;-36.269
598059.544;3678569.943;-36.262
598059.034;3678569.855;-36.256
598058.545;3678569.822;-36.255
598058.044;3678569.761;-36.252
598057.538;3678569.724;-36.251
598057.057;3678569.666;-36.248
598056.565;3678569.623;-36.243
598055.993;3678569.575;-36.243
598055.490;3678569.524;-36.240
598055.003;3678569.476;-36.236
598054.524;3678569.416;-36.228
598054.010;3678569.352;-36.222
598053.528;3678569.294;-36.215
598053.033;3678569.252;-36.209
598052.522;3678569.197;-36.202
598052.040;3678569.155;-36.200
598051.531;3678569.095;-36.196
598051.038;3678569.035;-36.192
598050.558;3678568.984;-36.189
598050.063;3678568.932;-36.187
598049.580;3678568.894;-36.180
598049.089;3678568.850;-36.170
598048.576;3678568.801;-36.166
598048.087;3678568.746;-36.162
598047.524;3678568.678;-36.159
598047.026;3678568.630;-36.155
598046.523;3678568.588;-36.149
598046.028;3678568.530;-36.145
598045.533;3678568.446;-36.137
598045.036;3678568.401;-36.131
598044.534;3678568.379;-36.127
598044.056;3678568.323;-36.125
598043.572;3678568.267;-36.121
598043.072;3678568.219;-36.115
598042.584;3678568.161;-36.110
598042.084;3678568.098;-36.105
598041.581;3678568.063;-36.099
598041.083;3678568.019;-36.097
598040.599;3678567.996;-36.097
598040.112;3678567.938;-36.096
598039.625;3678567.874;-36.091
598039.120;3678567.813;-36.085
598038.615;3678567.768;-36.081
598038.133;3678567.712;-36.075
598037.636;3678567.642;-36.067
598037.132;3678567.582;-36.062
598036.609;3678567.556;-36.058
598036.119;3678567.510;-36.058
598035.635;3678567.440;-36.055
598035.131;3678567.393;-36.052
598034.650;3678567.337;-36.045
598034.184;3678567.261;-36.039
598033.688;3678567.226;-36.032
598033.185;3678567.174;-36.023
598032.687;3678567.109;-36.020
598032.184;3678567.072;-36.019
598031.696;3678567.018;-36.021
598031.124;3678566.974;-36.022
598030.650;3678566.922;-36.020
598030.190;3678566.867;-36.020
598029.706;3678566.804;-36.013
598029.119;3678566.740;-36.005
598028.624;3678566.712;-36.005
598028.122;3678566.679;-36.005
598027.653;3678566.628;-36.007
598027.172;3678566.568;-36.002
598026.671;3678566.529;-35.996
598026.184;3678566.507;-35.990
598025.679;3678566.421;-35.985
598025.214;3678566.369;-35.983
598024.738;3678566.312;-35.979
598024.150;3678566.248;-35.973
598023.738;3678566.200;-35.967
598023.227;3678566.144;-35.967
598022.741;3678566.111;-35.968
598022.180;3678566.060;-35.966
598021.695;3678566.006;-35.956
598021.202;3678565.943;-35.946
598020.704;3678565.879;-35.941
598020.212;3678565.838;-35.934
598019.714;3678565.780;-35.931
598019.225;3678565.733;-35.931
598018.734;3678565.692;-35.928
598018.242;3678565.643;-35.924
598017.757;3678565.596;-35.917
598017.256;3678565.545;-35.911
598016.761;3678565.473;-35.905
598016.279;3678565.423;-35.900
598015.787;3678565.377;-35.894
598015.213;3678565.315;-35.891
598014.725;3678565.266;-35.890
598014.246;3678565.220;-35.887
598013.763;3678565.181;-35.882
598013.260;3678565.123;-35.875
598012.782;3678565.074;-35.870
598012.294;3678565.042;-35.865
598011.794;3678564.998;-35.863
598011.307;3678564.954;-35.862
598010.743;3678564.862;-35.857
598010.223;3678564.812;-35.852
598009.723;3678564.764;-35.845
598009.316;3678564.717;-35.840
598008.730;3678564.651;-35.837
598008.244;3678564.610;-35.834
598007.730;3678564.561;-35.827
598007.243;3678564.522;-35.822
598006.779;3678564.456;-35.815
598006.270;3678564.396;-35.808
598005.794;3678564.346;-35.803
598005.297;3678564.279;-35.797
598004.790;3678564.229;-35.793
598004.303;3678564.187;-35.788
598003.802;3678564.142;-35.779
598003.294;3678564.075;-35.772
598002.783;3678564.028;-35.762
598002.277;3678564.000;-35.755
598001.790;3678563.961;-35.751
598001.287;3678563.895;-35.742
598000.788;3678563.841;-35.732
598000.293;3678563.789;-35.726
597999.789;3678563.718;-35.720
597999.298;3678563.677;-35.711
597998.796;3678563.640;-35.704
597998.306;3678563.572;-35.696
597997.809;3678563.501;-35.690
597997.311;3678563.458;-35.683
597996.827;3678563.433;-35.673
597996.329;3678563.386;-35.663
597995.820;3678563.338;-35.658
597995.319;3678563.300;-35.654
597994.824;3678563.252;-35.647
597994.309;3678563.184;-35.642
597993.824;3678563.092;-35.638
597993.334;3678563.023;-35.625
597992.825;3678563.007;-35.614
597992.309;3678562.983;-35.603
597991.901;3678562.918;-35.600
597991.330;3678562.869;-35.599
597990.919;3678562.819;-35.601
597990.415;3678562.768;-35.600
597989.830;3678562.718;-35.594
597989.346;3678562.657;-35.584
597988.854;3678562.619;-35.570
597988.356;3678562.572;-35.564
597987.858;3678562.506;-35.560
597987.367;3678562.440;-35.563
597986.858;3678562.381;-35.565
597986.366;3678562.339;-35.563
597985.866;3678562.277;-35.561
597985.365;3678562.251;-35.554
597984.859;3678562.202;-35.550
597984.372;3678562.149;-35.546
597983.867;3678562.092;-35.542
597983.372;3678562.039;-35.539
597982.870;3678561.990;-35.536
597982.392;3678561.943;-35.531
597981.890;3678561.889;-35.522
597981.393;3678561.827;-35.514
597980.894;3678561.752;-35.507
597980.381;3678561.704;-35.505
597979.899;3678561.659;-35.503
597979.403;3678561.603;-35.501
597978.905;3678561.554;-35.501
597978.419;3678561.514;-35.498
597977.912;3678561.473;-35.492
597977.406;3678561.418;-35.487
597976.923;3678561.364;-35.482
597976.419;3678561.313;-35.477
597975.913;3678561.262;-35.473
597975.409;3678561.207;-35.470
597974.914;3678561.149;-35.466
597974.422;3678561.100;-35.464
597973.941;3678561.038;-35.457
597973.439;3678561.005;-35.451
597972.947;3678560.955;-35.447
597972.457;3678560.890;-35.440
597971.955;3678560.826;-35.433
597971.457;3678560.790;-35.430
597970.971;3678560.735;-35.432
597970.471;3678560.677;-35.432
597969.998;3678560.619;-35.428
597969.490;3678560.595;-35.424
597968.977;3678560.550;-35.418
597968.478;3678560.497;-35.414
597967.981;3678560.440;-35.410
597967.482;3678560.383;-35.407
597966.984;3678560.331;-35.404
597966.465;3678560.263;-35.403
597965.968;3678560.206;-35.398
597965.469;3678560.177;-35.390
597965.057;3678560.136;-35.382
597964.528;3678560.079;-35.376
597964.034;3678560.007;-35.375
597963.566;3678559.942;-35.367
597963.063;3678559.894;-35.361
597962.551;3678559.871;-35.352
597962.050;3678559.827;-35.354
597961.499;3678559.768;-35.355
597961.028;3678559.679;-35.346
597960.538;3678559.622;-35.340
597960.034;3678559.606;-35.334
597959.535;3678559.573;-35.325
597959.038;3678559.507;-35.323
597958.559;3678559.430;-35.321
597958.078;3678559.371;-35.321
597957.585;3678559.329;-35.317
597957.013;3678559.307;-35.310
597956.549;3678559.275;-35.306
597956.091;3678559.184;-35.301
597955.594;3678559.136;-35.298
597955.108;3678559.094;-35.290
597954.606;3678559.060;-35.281
597954.115;3678559.001;-35.275
597953.616;3678558.957;-35.272
597953.039;3678558.899;-35.266
597952.547;3678558.824;-35.255
597952.066;3678558.759;-35.247
597951.564;3678558.699;-35.242
597951.070;3678558.669;-35.239
597950.599;3678558.624;-35.235
597950.124;3678558.564;-35.231
597949.552;3678558.514;-35.222
597949.054;3678558.454;-35.212
597948.646;3678558.415;-35.206
597948.149;3678558.362;-35.199
597947.568;3678558.298;-35.192
597947.059;3678558.243;-35.187
597946.653;3678558.210;-35.183
597946.057;3678558.160;-35.176
597945.639;3678558.110;-35.169
597945.135;3678558.042;-35.164
597944.635;3678557.981;-35.158
597944.123;3678557.945;-35.151
597943.631;3678557.908;-35.144
597943.132;3678557.832;-35.141
597942.650;3678557.748;-35.142
597942.152;3678557.747;-35.141
597941.667;3678557.728;-35.127
597941.141;3678557.665;-35.114
597940.642;3678557.622;-35.107
597940.136;3678557.568;-35.103
597939.654;3678557.532;-35.107
597939.194;3678557.425;-35.102
597938.678;3678557.389;-35.098
597938.187;3678557.380;-35.092
597937.704;3678557.293;-35.086
597937.134;3678557.195;-35.090
597936.654;3678557.186;-35.091
597936.173;3678557.145;-35.088
597935.692;3678557.061;-35.079
597935.198;3678557.003;-35.073
597934.699;3678556.942;-35.066
597934.199;3678556.939;-35.061
597933.717;3678556.877;-35.061
597933.227;3678556.832;-35.063
597932.661;3678556.794;-35.067
597932.190;3678556.736;-35.067
597931.711;3678556.635;-35.066
597931.221;3678556.572;-35.066
597930.657;3678556.559;-35.054
597930.152;3678556.503;-35.040
597929.743;3678556.447;-35.030
597929.168;3678556.379;-35.040
597928.700;3678556.331;-35.042
597928.198;3678556.305;-35.038
597927.689;3678556.236;-35.029
597927.193;3678556.202;-35.022
597926.726;3678556.108;-35.016
597926.246;3678556.107;-35.014
597925.751;3678556.051;-35.009
597925.239;3678555.988;-35.003
597924.740;3678555.985;-34.997
597924.283;3678555.837;-34.992
597923.698;3678555.759;-34.981
597923.274;3678555.726;-34.979
597922.687;3678555.750;-34.977
597922.215;3678555.728;-34.971
597921.729;3678555.572;-34.965
597921.263;3678555.565;-34.959
597920.769;3678555.544;-34.952
597920.278;3678555.498;-34.948
597919.784;3678555.469;-34.940
597919.220;3678555.393;-34.931
597918.724;3678555.310;-34.926
597918.239;3678555.247;-34.924
597917.733;3678555.237;-34.921
597917.278;3678555.193;-34.912
597916.787;3678555.076;-34.904
597916.287;3678555.011;-34.895
597915.806;3678555.028;-34.882
597915.261;3678554.950;-34.872
597914.766;3678554.957;-34.864
597914.277;3678554.878;-34.860
597913.785;3678554.816;-34.853
597913.297;3678554.797;-34.851
597912.807;3678554.737;-34.849
597912.324;3678554.666;-34.849
597911.841;3678554.646;-34.846
597911.286;3678554.540;-34.849
597910.779;3678554.491;-34.845
597910.298;3678554.471;-34.842
597909.828;3678554.417;-34.834
597909.324;3678554.417;-34.828
597908.832;3678554.384;-34.822
597908.349;3678554.254;-34.813
597907.775;3678554.160;-34.805
597907.290;3678554.121;-34.803
597906.787;3678554.079;-34.802
597906.334;3678554.018;-34.801
597905.865;3678553.974;-34.792
597905.374;3678553.964;-34.788
597904.869;3678553.929;-34.785
597904.308;3678553.824;-34.778
597903.813;3678553.739;-34.772
597903.308;3678553.720;-34.765
597902.808;3678553.686;-34.759
597902.318;3678553.610;-34.750
597901.845;3678553.560;-34.741
597901.344;3678553.480;-34.731
597900.842;3678553.388;-34.724
597900.335;3678553.332;-34.719
597899.849;3678553.365;-34.721
597899.379;3678553.292;-34.713
597898.820;3678553.244;-34.710
597898.325;3678553.235;-34.701
597897.826;3678553.164;-34.691
597897.334;3678553.076;-34.678
597896.899;3678553.031;-34.677
597896.407;3678553.003;-34.674
597895.927;3678552.955;-34.668
597895.420;3678552.881;-34.660
597894.918;3678552.820;-34.659
597894.436;3678552.791;-34.658
597893.940;3678552.749;-34.651
597893.443;3678552.702;-34.645
597892.381;3678552.585;-34.633
597891.896;3678552.539;-34.635
597891.414;3678552.521;-34.629
597890.944;3678552.440;-34.617
597890.449;3678552.374;-34.614
597889.949;3678552.339;-34.617
597889.456;3678552.299;-34.613
597888.971;3678552.200;-34.605
597888.377;3678552.162;-34.600
597887.477;3678552.058;-34.596
597886.900;3678552.052;-34.590
597886.403;3678551.992;-34.583
597885.929;3678551.915;-34.584
597885.462;3678551.894;-34.576
597884.957;3678551.847;-34.567
597884.434;3678551.777;-34.558
597883.932;3678551.722;-34.551
597883.438;3678551.677;-34.550
597882.951;3678551.601;-34.548
597882.452;3678551.546;-34.542
597881.958;3678551.473;-34.536
597881.452;3678551.421;-34.530
597880.953;3678551.399;-34.523
597880.474;3678551.319;-34.515
597879.454;3678551.256;-34.500
597878.973;3678551.201;-34.498
597878.464;3678551.150;-34.496
597877.964;3678551.073;-34.494
597877.489;3678551.036;-34.486
597876.990;3678550.966;-34.481
597876.492;3678550.937;-34.473
597876.000;3678550.908;-34.466
597875.487;3678550.861;-34.461
597874.989;3678550.799;-34.457
597874.490;3678550.777;-34.454
597874.013;3678550.693;-34.447
597873.507;3678550.649;-34.442
597873.002;3678550.591;-34.434
597872.518;3678550.563;-34.423
597872.047;3678550.485;-34.419
597871.554;3678550.417;-34.416
597871.054;3678550.369;-34.412
597870.537;3678550.334;-34.409
597870.043;3678550.304;-34.405
597869.551;3678550.279;-34.396
597869.039;3678550.187;-34.388
597868.521;3678550.159;-34.379
597868.029;3678550.075;-34.373
597867.520;3678550.063;-34.370
597867.041;3678549.997;-34.365
597866.528;3678549.924;-34.354
597866.037;3678549.904;-34.345
597865.543;3678549.830;-34.342
597865.051;3678549.784;-34.343
597864.555;3678549.744;-34.341
597864.066;3678549.659;-34.340
597863.599;3678549.636;-34.336
597863.022;3678549.569;-34.326
597862.503;3678549.495;-34.311
597862.109;3678549.432;-34.299
597861.527;3678549.402;-34.291
597861.052;3678549.316;-34.291
597860.553;3678549.285;-34.285
597860.061;3678549.266;-34.283
597859.585;3678549.187;-34.279
597859.090;3678549.114;-34.274
597858.583;3678549.110;-34.264
597858.092;3678549.087;-34.258
597857.593;3678549.008;-34.248
597857.097;3678548.916;-34.240
597856.601;3678548.880;-34.233
597856.117;3678548.849;-34.230
597855.619;3678548.791;-34.225
597855.108;3678548.743;-34.221
597854.609;3678548.723;-34.216
597854.128;3678548.655;-34.212
597853.645;3678548.563;-34.205
597853.075;3678548.471;-34.203
597852.659;3678548.459;-34.198
597852.084;3678548.398;-34.190
597851.600;3678548.364;-34.184
597851.108;3678548.309;-34.177
597850.614;3678548.267;-34.172
597850.127;3678548.204;-34.167
597849.627;3678548.160;-34.163
597849.143;3678548.120;-34.162
597848.649;3678548.082;-34.160
597848.165;3678548.022;-34.153
597847.668;3678547.971;-34.149
597847.174;3678547.911;-34.148
597846.680;3678547.854;-34.147
597846.102;3678547.766;-34.141
597845.603;3678547.728;-34.134
597845.102;3678547.692;-34.130
597844.701;3678547.645;-34.125
597844.137;3678547.568;-34.120
597843.634;3678547.530;-34.116
597843.144;3678547.480;-34.112
597842.656;3678547.440;-34.108
597842.168;3678547.381;-34.108
597841.676;3678547.324;-34.106
597841.189;3678547.263;-34.104
597840.666;3678547.236;-34.100
597840.173;3678547.207;-34.095
597839.685;3678547.138;-34.087
597839.193;3678547.088;-34.084
597838.686;3678547.027;-34.081
597838.203;3678546.976;-34.080
597837.720;3678546.921;-34.079
597837.244;3678546.869;-34.080
597836.660;3678546.846;-34.075
597836.151;3678546.797;-34.070
597835.670;3678546.706;-34.063
597835.178;3678546.641;-34.060
597834.690;3678546.612;-34.054
597834.188;3678546.609;-34.051
597833.694;3678546.558;-34.047
597833.215;3678546.435;-34.042
597832.730;3678546.382;-34.037
597832.232;3678546.327;-34.035
597831.742;3678546.283;-34.033
597831.256;3678546.255;-34.032
597830.759;3678546.208;-34.027
597830.275;3678546.179;-34.019
597829.773;3678546.095;-34.016
597829.284;3678546.032;-34.014
597828.690;3678545.983;-34.012
597828.198;3678545.909;-34.006
597827.708;3678545.871;-34.003
597827.220;3678545.842;-34.000
597826.731;3678545.759;-33.995
597826.218;3678545.712;-33.989
597825.718;3678545.658;-33.986
597825.223;3678545.614;-33.981
597824.725;3678545.560;-33.978
597824.243;3678545.508;-33.973
597823.743;3678545.489;-33.964
597823.266;3678545.414;-33.957
597822.769;3678545.344;-33.958
597822.263;3678545.335;-33.958
597821.781;3678545.263;-33.954
597821.284;3678545.191;-33.945
597820.791;3678545.130;-33.938
597820.293;3678545.126;-33.936
597819.796;3678545.066;-33.932
597819.289;3678545.026;-33.929
597818.807;3678544.978;-33.920
597818.313;3678544.926;-33.913
597817.820;3678544.885;-33.903
597817.318;3678544.786;-33.897
597816.337;3678544.694;-33.891
597815.845;3678544.651;-33.893
597815.267;3678544.631;-33.887
597814.768;3678544.553;-33.875
597814.277;3678544.527;-33.866
597813.795;3678544.429;-33.861
597813.304;3678544.403;-33.858
597812.819;3678544.334;-33.851
597812.321;3678544.303;-33.845
597811.816;3678544.229;-33.836
597811.316;3678544.178;-33.831
597810.822;3678544.138;-33.831
597810.321;3678544.062;-33.828
597809.827;3678544.038;-33.829
597809.340;3678544.025;-33.822
597808.860;3678543.937;-33.815
597808.382;3678543.855;-33.806
597807.865;3678543.867;-33.798
597807.373;3678543.782;-33.794
597806.866;3678543.757;-33.788
597806.403;3678543.661;-33.780
597805.824;3678543.593;-33.777
597805.344;3678543.551;-33.773
597804.861;3678543.482;-33.767
597804.369;3678543.474;-33.756
597803.876;3678543.434;-33.749
597803.401;3678543.329;-33.738
597802.910;3678543.293;-33.732
597802.414;3678543.284;-33.726
597801.925;3678543.222;-33.722
597801.428;3678543.141;-33.720
597800.847;3678543.102;-33.717
597800.341;3678543.055;-33.706
597799.861;3678543.017;-33.705
597799.390;3678542.960;-33.696
597798.889;3678542.891;-33.685
597798.369;3678542.880;-33.676
597797.889;3678542.829;-33.672
597797.377;3678542.742;-33.656
597796.864;3678542.693;-33.644
597796.460;3678542.654;-33.642
597795.903;3678542.569;-33.639
597795.419;3678542.508;-33.639
597794.903;3678542.483;-33.635
597794.410;3678542.447;-33.631
597793.939;3678542.364;-33.627
597793.435;3678542.353;-33.624
597792.940;3678542.309;-33.616
597792.466;3678542.219;-33.609
597791.957;3678542.176;-33.601
597791.450;3678542.160;-33.596
597790.951;3678542.105;-33.593
597790.454;3678542.009;-33.591
597789.957;3678541.954;-33.589
597789.472;3678541.934;-33.583
597788.914;3678541.899;-33.570
597788.448;3678541.811;-33.568
597787.973;3678541.810;-33.569
597787.414;3678541.728;-33.561
597786.920;3678541.591;-33.547
597786.513;3678541.576;-33.542
597786.013;3678541.549;-33.539
597785.513;3678541.507;-33.533
597784.939;3678541.433;-33.528
597784.465;3678541.401;-33.522
597783.976;3678541.351;-33.515
597783.471;3678541.306;-33.512
597782.974;3678541.286;-33.510
597782.477;3678541.264;-33.508
597781.981;3678541.228;-33.500
597781.512;3678541.130;-33.496
597781.024;3678541.094;-33.492
597780.530;3678540.976;-33.481
597780.022;3678540.952;-33.475
597779.535;3678540.932;-33.470
597778.963;3678540.834;-33.460
597778.477;3678540.759;-33.451
597777.972;3678540.743;-33.448
597777.499;3678540.698;-33.445
597776.987;3678540.650;-33.435
597776.502;3678540.591;-33.429
597776.015;3678540.520;-33.425
597775.512;3678540.480;-33.418
597775.017;3678540.447;-33.412
597774.535;3678540.396;-33.406
597774.058;3678540.343;-33.402
597773.572;3678540.279;-33.400
597773.083;3678540.232;-33.395
597772.501;3678540.143;-33.387
597772.002;3678540.108;-33.380
597771.542;3678540.055;-33.364
597771.036;3678539.972;-33.354
597770.539;3678539.955;-33.346
597770.048;3678539.917;-33.344
597769.548;3678539.865;-33.341
597769.075;3678539.811;-33.337
597768.591;3678539.775;-33.328
597768.084;3678539.709;-33.322
597767.590;3678539.631;-33.316
597767.099;3678539.600;-33.309
597766.605;3678539.550;-33.300
597766.088;3678539.473;-33.291
597765.591;3678539.449;-33.289
597765.129;3678539.359;-33.287
597764.549;3678539.290;-33.286
597764.045;3678539.321;-33.278
597763.556;3678539.246;-33.271
597763.057;3678539.210;-33.266
597762.569;3678539.152;-33.258
597762.083;3678539.046;-33.253
597761.586;3678539.033;-33.249
597761.102;3678538.988;-33.241
597760.622;3678538.933;-33.236
597760.140;3678538.859;-33.234
597759.657;3678538.803;-33.230
597759.161;3678538.748;-33.223
597758.653;3678538.719;-33.212
597758.151;3678538.689;-33.201
597757.579;3678538.598;-33.193
597757.104;3678538.551;-33.189
597756.616;3678538.516;-33.182
597756.116;3678538.463;-33.179
597755.640;3678538.395;-33.174
597755.152;3678538.365;-33.167
597754.658;3678538.338;-33.155
597754.174;3678538.257;-33.152
597753.600;3678538.185;-33.148
597753.115;3678538.151;-33.143
597752.609;3678538.080;-33.143
597752.200;3678538.028;-33.141
597751.612;3678537.979;-33.133
597751.116;3678537.933;-33.129
597750.620;3678537.887;-33.122
597750.148;3678537.817;-33.117
597749.647;3678537.777;-33.116
597749.149;3678537.742;-33.113
597748.656;3678537.676;-33.109
597748.169;3678537.635;-33.106
597747.660;3678537.607;-33.097
597747.168;3678537.507;-33.089
597746.679;3678537.447;-33.084
597746.177;3678537.443;-33.077
597745.673;3678537.412;-33.073
597745.180;3678537.331;-33.069
597744.685;3678537.242;-33.067
597744.212;3678537.160;-33.062
597743.703;3678537.127;-33.059
597743.207;3678537.163;-33.059
597742.730;3678537.097;-33.050
597742.243;3678537.007;-33.044
597741.747;3678536.969;-33.043
597741.260;3678536.908;-33.045
597740.681;3678536.834;-33.048
597740.198;3678536.804;-33.045
597739.694;3678536.759;-33.039
597739.203;3678536.706;-33.032
597738.713;3678536.655;-33.031
597738.217;3678536.595;-33.026
597737.704;3678536.574;-33.024
597737.199;3678536.504;-33.025
597736.710;3678536.464;-33.021
597736.216;3678536.380;-33.016
597735.735;3678536.332;-33.014
597735.242;3678536.275;-33.011
597734.743;3678536.238;-33.006
597734.248;3678536.197;-32.999
597733.752;3678536.128;-32.993
597733.263;3678536.095;-32.992
597732.777;3678536.072;-32.990
597732.279;3678536.018;-32.988
597731.784;3678535.970;-32.982
597731.294;3678535.907;-32.975
597730.787;3678535.845;-32.972
597730.306;3678535.782;-32.970
597729.814;3678535.725;-32.967
597729.229;3678535.698;-32.962
597728.756;3678535.608;-32.955
597728.264;3678535.560;-32.947
597727.770;3678535.523;-32.947
597727.294;3678535.453;-32.947
597726.813;3678535.418;-32.942
597726.308;3678535.380;-32.933
597725.819;3678535.299;-32.929
597725.339;3678535.239;-32.923
597724.826;3678535.190;-32.918
597724.331;3678535.132;-32.914
597723.769;3678535.101;-32.917
597723.289;3678535.063;-32.912
597722.779;3678534.983;-32.906
597722.279;3678534.936;-32.902
597721.801;3678534.889;-32.899
597721.316;3678534.815;-32.900
597720.825;3678534.759;-32.901
597720.355;3678534.752;-32.896
597719.851;3678534.698;-32.889
597719.338;3678534.635;-32.887
597718.849;3678534.592;-32.886
597718.354;3678534.538;-32.882
597717.853;3678534.488;-32.880
597717.363;3678534.454;-32.873
597716.877;3678534.415;-32.867
597716.382;3678534.321;-32.865
597715.806;3678534.258;-32.866
597715.320;3678534.231;-32.859
597714.840;3678534.199;-32.856
597714.363;3678534.100;-32.851
597713.875;3678534.051;-32.846
597713.393;3678534.014;-32.840
597712.882;3678533.969;-32.834
597712.400;3678533.929;-32.831
597711.908;3678533.914;-32.828
597711.315;3678533.906;-32.822
597710.836;3678533.793;-32.814
597710.338;3678533.702;-32.810
597709.925;3678533.681;-32.810
597709.423;3678533.656;-32.808
597708.841;3678533.541;-32.802
597708.359;3678533.477;-32.798
597707.855;3678533.451;-32.795
597707.362;3678533.412;-32.789
597706.871;3678533.338;-32.783
597706.375;3678533.300;-32.775
597705.875;3678533.252;-32.773
597705.373;3678533.234;-32.772
597704.870;3678533.174;-32.773
597704.387;3678533.128;-32.770
597703.933;3678533.070;-32.768
597703.421;3678532.987;-32.764
597702.920;3678532.930;-32.767
597702.438;3678532.902;-32.757
597701.926;3678532.858;-32.749
597701.435;3678532.815;-32.744
597700.954;3678532.756;-32.740
597700.429;3678532.730;-32.735
597699.947;3678532.665;-32.731
597699.462;3678532.550;-32.731
597698.939;3678532.511;-32.726
597698.425;3678532.500;-32.723
597697.960;3678532.432;-32.731
597697.407;3678532.387;-32.730
597696.899;3678532.284;-32.726
597696.478;3678532.274;-32.725
597695.999;3678532.215;-32.722
597695.410;3678532.157;-32.715
597694.913;3678532.094;-32.712
597694.418;3678532.047;-32.708
597693.941;3678531.998;-32.706
597693.448;3678531.980;-32.706
597692.978;3678531.923;-32.705
597692.490;3678531.851;-32.693
597691.976;3678531.804;-32.682
597691.475;3678531.779;-32.676
597690.980;3678531.699;-32.674
597690.470;3678531.652;-32.673
597689.966;3678531.626;-32.675
597689.457;3678531.554;-32.670
597688.956;3678531.516;-32.662
597688.454;3678531.438;-32.653
597687.957;3678531.382;-32.646
597687.459;3678531.363;-32.640
597686.965;3678531.295;-32.639
597686.484;3678531.278;-32.638
597686.009;3678531.202;-32.636
597685.514;3678531.125;-32.633
597685.026;3678531.097;-32.625
597684.531;3678531.030;-32.615
597684.046;3678530.963;-32.609
597683.558;3678530.964;-32.606
597682.488;3678530.886;-32.604
597681.996;3678530.823;-32.600
597681.531;3678530.684;-32.592
597681.019;3678530.653;-32.587
597680.504;3678530.683;-32.578
597680.024;3678530.633;-32.569
597679.534;3678530.508;-32.564
597679.040;3678530.460;-32.559
597678.540;3678530.446;-32.557
597678.047;3678530.404;-32.547
597677.561;3678530.325;-32.541
597677.069;3678530.246;-32.533
597676.583;3678530.203;-32.531
597676.098;3678530.175;-32.525
597675.608;3678530.126;-32.522
597675.046;3678530.050;-32.514
597674.554;3678530.029;-32.508
597674.064;3678529.980;-32.501
597673.583;3678529.889;-32.494
597673.094;3678529.838;-32.488
597672.604;3678529.779;-32.482
597672.111;3678529.766;-32.476
597671.624;3678529.718;-32.470
597671.054;3678529.688;-32.462
597670.576;3678529.616;-32.456
597670.060;3678529.597;-32.450
597669.559;3678529.488;-32.444
597669.070;3678529.416;-32.439
597668.578;3678529.371;-32.436
597668.090;3678529.330;-32.429
597667.606;3678529.283;-32.423
597667.091;3678529.236;-32.414
597666.598;3678529.205;-32.403
597666.110;3678529.134;-32.396
597665.611;3678529.071;-32.391
597665.115;3678529.031;-32.388
597664.617;3678529.025;-32.386
597664.123;3678528.922;-32.378
597663.642;3678528.868;-32.376
597663.153;3678528.832;-32.373
597662.660;3678528.751;-32.370
597662.173;3678528.732;-32.367
597661.604;3678528.673;-32.358
597661.116;3678528.619;-32.350
597660.634;3678528.566;-32.345
597660.141;3678528.503;-32.342
597659.672;3678528.447;-32.338
597659.180;3678528.374;-32.330
597658.677;3678528.344;-32.326
597658.184;3678528.338;-32.320
597657.693;3678528.271;-32.313
597657.117;3678528.201;-32.309
597656.615;3678528.163;-32.305
597656.130;3678528.111;-32.298
597655.648;3678528.035;-32.292
597655.157;3678527.985;-32.285
597654.650;3678527.962;-32.278
597654.155;3678527.930;-32.271
597653.651;3678527.855;-32.267
597653.171;3678527.789;-32.263
597652.692;3678527.714;-32.256
597652.199;3678527.667;-32.248
597651.697;3678527.620;-32.241
597651.198;3678527.567;-32.237
597650.712;3678527.520;-32.235
597650.228;3678527.463;-32.229
597649.659;3678527.409;-32.219
597649.250;3678527.383;-32.213
597648.689;3678527.318;-32.207
597648.207;3678527.258;-32.206
597647.723;3678527.199;-32.208
597647.231;3678527.162;-32.201
597646.738;3678527.122;-32.190
597646.230;3678527.062;-32.181
597645.741;3678527.015;-32.176
597645.251;3678526.971;-32.169
597644.769;3678526.892;-32.169
597644.275;3678526.855;-32.172
597643.776;3678526.822;-32.174
597643.276;3678526.770;-32.166
597642.775;3678526.693;-32.156
597642.199;3678526.625;-32.151
597641.713;3678526.581;-32.146
597641.210;3678526.520;-32.142
597640.741;3678526.461;-32.139
597640.243;3678526.402;-32.136
597639.735;3678526.381;-32.130
597639.252;3678526.357;-32.125
597638.739;3678526.310;-32.117
597638.253;3678526.220;-32.111
597637.764;3678526.162;-32.110
597637.272;3678526.130;-32.106
597636.768;3678526.094;-32.103
597636.287;3678526.047;-32.098
597635.782;3678525.992;-32.092
597635.286;3678525.945;-32.086
597634.795;3678525.838;-32.080
597634.295;3678525.764;-32.078
597633.810;3678525.735;-32.076
597633.328;3678525.686;-32.075
597632.826;3678525.691;-32.069
597632.337;3678525.632;-32.067
597631.741;3678525.569;-32.066
597631.326;3678525.537;-32.059
597630.822;3678525.508;-32.051
597630.327;3678525.403;-32.043
597629.824;3678525.348;-32.038
597629.331;3678525.311;-32.036
597628.838;3678525.247;-32.033
597628.333;3678525.203;-32.028
597627.823;3678525.168;-32.021
597627.312;3678525.140;-32.011
597626.815;3678525.053;-31.998
597626.322;3678525.004;-31.995
597625.834;3678524.916;-31.995
597625.347;3678524.862;-31.991
597624.863;3678524.841;-31.983
597624.386;3678524.787;-31.986
597623.800;3678524.750;-31.981
597623.321;3678524.697;-31.974
597622.804;3678524.621;-31.968
597622.310;3678524.600;-31.960
597621.817;3678524.545;-31.955
597621.309;3678524.476;-31.954
597620.830;3678524.421;-31.956
597620.342;3678524.367;-31.955
597619.852;3678524.313;-31.955
597619.379;3678524.292;-31.950
597618.816;3678524.250;-31.941
597618.338;3678524.180;-31.932
597617.845;3678524.095;-31.928
597617.332;3678524.079;-31.925
597616.845;3678524.004;-31.927
597616.348;3678523.980;-31.930
597615.846;3678523.918;-31.925
597615.348;3678523.861;-31.919
597614.861;3678523.808;-31.912
597614.338;3678523.768;-31.911
597613.935;3678523.741;-31.908
597613.427;3678523.673;-31.904
597612.916;3678523.641;-31.901
597612.412;3678523.550;-31.895
597611.895;3678523.522;-31.889
597611.370;3678523.497;-31.888
597610.870;3678523.415;-31.885
597610.392;3678523.413;-31.887
597609.913;3678523.323;-31.882
597609.407;3678523.263;-31.877
597608.912;3678523.204;-31.871
597608.399;3678523.131;-31.866
597607.941;3678523.079;-31.861
597607.430;3678523.029;-31.861
597606.912;3678523.003;-31.864
597606.404;3678523.031;-31.864
597605.912;3678522.949;-31.854
597605.431;3678522.810;-31.843
597604.931;3678522.794;-31.839
597604.421;3678522.736;-31.836
597603.919;3678522.680;-31.830
597603.441;3678522.633;-31.825
597602.969;3678522.564;-31.821
597602.486;3678522.484;-31.818
597601.990;3678522.440;-31.818
597601.422;3678522.416;-31.815
597600.921;3678522.372;-31.807
597600.423;3678522.319;-31.800
597599.948;3678522.289;-31.794
597599.459;3678522.220;-31.793
597598.974;3678522.176;-31.789
597598.482;3678522.145;-31.789
597597.986;3678522.054;-31.783
597597.500;3678522.000;-31.777
597597.007;3678521.978;-31.777
597596.507;3678521.943;-31.772
597596.013;3678521.876;-31.766
597595.540;3678521.808;-31.763
597594.960;3678521.763;-31.759
597594.466;3678521.750;-31.751
597593.963;3678521.655;-31.743
597593.463;3678521.651;-31.744
597592.977;3678521.571;-31.735
597592.477;3678521.508;-31.736
597591.982;3678521.479;-31.731
597591.478;3678521.421;-31.725
597590.979;3678521.384;-31.722
597590.487;3678521.329;-31.717
597589.992;3678521.269;-31.712
597589.488;3678521.223;-31.707
597588.990;3678521.155;-31.707
597588.501;3678521.088;-31.707
597588.011;3678521.044;-31.704
597587.515;3678520.974;-31.702
597587.024;3678520.932;-31.699
597586.536;3678520.889;-31.695
597586.037;3678520.858;-31.689
597585.539;3678520.791;-31.680
597585.047;3678520.715;-31.674
597584.549;3678520.650;-31.675
597584.063;3678520.597;-31.676
597583.573;3678520.551;-31.673
597583.057;3678520.520;-31.664
597582.537;3678520.441;-31.658
597582.022;3678520.418;-31.654
597581.535;3678520.387;-31.657
597581.044;3678520.323;-31.653
597580.545;3678520.226;-31.645
597580.051;3678520.192;-31.636
597579.555;3678520.159;-31.633
597579.052;3678520.118;-31.628
597578.556;3678520.068;-31.623
597578.065;3678520.035;-31.620
597577.563;3678519.971;-31.617
597577.078;3678519.947;-31.611
597576.576;3678519.863;-31.608
597576.068;3678519.801;-31.607
597575.568;3678519.738;-31.601
597575.089;3678519.684;-31.598
597574.590;3678519.675;-31.590
597574.080;3678519.614;-31.590
597573.601;3678519.585;-31.587
597573.115;3678519.497;-31.586
597572.638;3678519.441;-31.582
597572.075;3678519.401;-31.580
597571.607;3678519.338;-31.573
597571.111;3678519.258;-31.567
597570.616;3678519.194;-31.557
597570.133;3678519.149;-31.549
597569.626;3678519.096;-31.542
597569.136;3678519.038;-31.540
597568.622;3678519.009;-31.540
597568.151;3678518.995;-31.535
597567.676;3678518.923;-31.532
597567.098;3678518.881;-31.528
597566.621;3678518.853;-31.520
597566.105;3678518.787;-31.505
597565.628;3678518.722;-31.498
597565.145;3678518.657;-31.494
597564.657;3678518.634;-31.488
597564.182;3678518.557;-31.482
597563.683;3678518.497;-31.475
597563.187;3678518.453;-31.466
597562.710;3678518.387;-31.458
597562.193;3678518.338;-31.458
597561.711;3678518.310;-31.454
597561.210;3678518.251;-31.450
597560.635;3678518.186;-31.442
597560.229;3678518.150;-31.434
597559.716;3678518.114;-31.425
597559.224;3678518.065;-31.417
597558.736;3678518.004;-31.413
597558.235;3678517.958;-31.411
597557.737;3678517.911;-31.404
597557.156;3678517.853;-31.393
597556.664;3678517.792;-31.387
597556.177;3678517.741;-31.377
597555.684;3678517.695;-31.371
597555.189;3678517.629;-31.367
597554.690;3678517.589;-31.360
597554.205;3678517.545;-31.353
597553.713;3678517.491;-31.347
597553.223;3678517.449;-31.347
597552.754;3678517.409;-31.337
597552.250;3678517.344;-31.329
597551.762;3678517.290;-31.322
597551.189;3678517.214;-31.322
597550.714;3678517.179;-31.317
597550.240;3678517.108;-31.308
597549.743;3678517.060;-31.300
597549.254;3678517.032;-31.299
597548.770;3678516.993;-31.297
597548.280;3678516.933;-31.286
597547.773;3678516.866;-31.278
597547.296;3678516.780;-31.270
597546.782;3678516.745;-31.268
597546.276;3678516.706;-31.268
597545.778;3678516.675;-31.262
597545.301;3678516.609;-31.255
597544.807;3678516.542;-31.247
597544.227;3678516.467;-31.242
597543.742;3678516.421;-31.238
597543.238;3678516.365;-31.237
597542.746;3678516.323;-31.231
597542.266;3678516.284;-31.227
597541.764;3678516.239;-31.220
597541.257;3678516.189;-31.217
597540.785;3678516.173;-31.215
597540.314;3678516.124;-31.207
597539.815;3678516.049;-31.203
597539.314;3678515.992;-31.199
597538.828;3678515.956;-31.197
597538.336;3678515.902;-31.192
597537.844;3678515.837;-31.187
597537.251;3678515.763;-31.180
597536.837;3678515.715;-31.174
597536.339;3678515.661;-31.169
597535.769;3678515.612;-31.167
597535.268;3678515.578;-31.161
597534.763;3678515.538;-31.160
597534.275;3678515.468;-31.158
597533.788;3678515.425;-31.155
597533.309;3678515.365;-31.152
597532.822;3678515.282;-31.147
597532.314;3678515.237;-31.149
597531.836;3678515.208;-31.143
597531.363;3678515.158;-31.136
597530.877;3678515.113;-31.127
597530.377;3678515.041;-31.123
597529.866;3678514.987;-31.121
597529.374;3678514.955;-31.120
597528.883;3678514.917;-31.121
597528.398;3678514.860;-31.119
597527.894;3678514.802;-31.119
597527.307;3678514.748;-31.120
597526.817;3678514.702;-31.116
597526.346;3678514.662;-31.109
597525.844;3678514.578;-31.102
597525.350;3678514.515;-31.099
597524.862;3678514.458;-31.094
597524.358;3678514.436;-31.094
597523.879;3678514.407;-31.096
597523.419;3678514.335;-31.088
597522.843;3678514.266;-31.088
597522.368;3678514.227;-31.084
597521.877;3678514.213;-31.077
597521.389;3678514.155;-31.074
597520.905;3678514.105;-31.076
597520.420;3678514.049;-31.077
597519.924;3678513.991;-31.075
597519.435;3678513.952;-31.069
597518.941;3678513.888;-31.063
597518.446;3678513.823;-31.061
597517.945;3678513.781;-31.060
597517.360;3678513.731;-31.052
597516.883;3678513.645;-31.049
597516.386;3678513.575;-31.043
597515.888;3678513.505;-31.047
597515.406;3678513.503;-31.045
597514.962;3678513.490;-31.043
597514.377;3678513.431;-31.042
597513.871;3678513.376;-31.032
597513.460;3678513.304;-31.025
597512.953;3678513.261;-31.020
597512.439;3678513.195;-31.015
597511.932;3678513.169;-31.013
597511.432;3678513.120;-31.012
597510.936;3678513.064;-31.014
597510.488;3678512.979;-31.008
597509.970;3678512.942;-31.005
597509.461;3678512.896;-31.002
597508.989;3678512.847;-31.004
597508.501;3678512.815;-30.999
597507.996;3678512.766;-30.995
597507.511;3678512.686;-30.993
597506.942;3678512.640;-30.991
597506.453;3678512.604;-30.984
597505.970;3678512.542;-30.974
597505.476;3678512.490;-30.972
597504.985;3678512.420;-30.968
597504.484;3678512.356;-30.964
597503.979;3678512.326;-30.960
597503.474;3678512.300;-30.953
597503.000;3678512.236;-30.948
597502.513;3678512.215;-30.943
597502.019;3678512.146;-30.938
597501.529;3678512.134;-30.933
597501.036;3678512.023;-30.930
597500.548;3678511.971;-30.926
597499.959;3678511.910;-30.917
597499.474;3678511.850;-30.907
597498.978;3678511.811;-30.906
597498.492;3678511.760;-30.901
597497.998;3678511.705;-30.898
597497.488;3678511.683;-30.893
597497.001;3678511.613;-30.886
597496.512;3678511.537;-30.880
597496.010;3678511.462;-30.877
597495.513;3678511.424;-30.869
597495.044;3678511.397;-30.861
597494.579;3678511.358;-30.861
597494.016;3678511.283;-30.852
597493.516;3678511.209;-30.845
597493.016;3678511.184;-30.841
597492.525;3678511.164;-30.836
597492.032;3678511.101;-30.831
597491.544;3678511.021;-30.823
597491.028;3678511.002;-30.822
597490.534;3678510.966;-30.816
597490.071;3678510.891;-30.810
597489.594;3678510.822;-30.806
597489.019;3678510.771;-30.805
597488.535;3678510.720;-30.803
597488.043;3678510.686;-30.802
597487.561;3678510.636;-30.792
597487.073;3678510.602;-30.777
597486.575;3678510.503;-30.766
597486.095;3678510.469;-30.766
597485.548;3678510.411;-30.763
597485.056;3678510.404;-30.756
597484.546;3678510.327;-30.747
597484.066;3678510.262;-30.741
597483.602;3678510.245;-30.736
597483.087;3678510.166;-30.728
597482.606;3678510.085;-30.724
597482.139;3678510.031;-30.721
597481.557;3678509.992;-30.720
597481.139;3678509.981;-30.712
597480.650;3678509.932;-30.704
597480.154;3678509.826;-30.691
597479.569;3678509.805;-30.686
597479.158;3678509.745;-30.679
597478.648;3678509.678;-30.675
597478.159;3678509.680;-30.668
597477.659;3678509.612;-30.659
597477.159;3678509.533;-30.656
597476.662;3678509.468;-30.656
597476.151;3678509.417;-30.653
597475.646;3678509.384;-30.653
597475.152;3678509.368;-30.650
597474.649;3678509.313;-30.636
597474.143;3678509.245;-30.625
597473.653;3678509.182;-30.621
597473.151;3678509.109;-30.621
597472.664;3678509.038;-30.620
597472.164;3678509.005;-30.619
597471.675;3678508.974;-30.612
597471.177;3678508.908;-30.609
597470.667;3678508.866;-30.602
597470.157;3678508.842;-30.600
597469.663;3678508.739;-30.596
597469.144;3678508.720;-30.596
597468.655;3678508.661;-30.589
597468.177;3678508.559;-30.589
597467.677;3678508.546;-30.590
597467.173;3678508.521;-30.589
597466.680;3678508.469;-30.578
597466.191;3678508.425;-30.576
597465.706;3678508.382;-30.578
597465.225;3678508.304;-30.578
597464.644;3678508.203;-30.572
597464.142;3678508.186;-30.573
597463.742;3678508.167;-30.575
597463.206;3678508.089;-30.576
597462.695;3678508.060;-30.568
597462.227;3678508.030;-30.560
597461.746;3678507.965;-30.552
597461.248;3678507.887;-30.548
597460.709;3678507.825;-30.536
597460.202;3678507.823;-30.536
597459.711;3678507.773;-30.529
597459.233;3678507.670;-30.535
597458.758;3678507.636;-30.535
597458.175;3678507.627;-30.524
597457.775;3678507.536;-30.520
597457.197;3678507.478;-30.513
597456.710;3678507.460;-30.504
597456.211;3678507.385;-30.498
597455.715;3678507.341;-30.496
597455.212;3678507.280;-30.492
597454.726;3678507.191;-30.486
597454.211;3678507.146;-30.478
597453.713;3678507.126;-30.473
597453.215;3678507.063;-30.463
597452.709;3678506.981;-30.451
597452.224;3678506.940;-30.443
597451.740;3678506.921;-30.439
597451.258;3678506.856;-30.436
597450.766;3678506.799;-30.441
597450.282;3678506.803;-30.439
597449.769;3678506.712;-30.429
597449.292;3678506.682;-30.421
597448.824;3678506.586;-30.415
597448.315;3678506.534;-30.408
597447.825;3678506.510;-30.403
597447.328;3678506.430;-30.400
597446.816;3678506.378;-30.395
597446.329;3678506.345;-30.384
597445.841;3678506.276;-30.375
597445.337;3678506.215;-30.370
597444.838;3678506.134;-30.367
597444.350;3678506.090;-30.362
597443.762;3678506.104;-30.360
597443.272;3678506.065;-30.349
597442.770;3678505.973;-30.339
597442.270;3678505.911;-30.326
597441.764;3678505.872;-30.320
597441.355;3678505.842;-30.318
597440.848;3678505.764;-30.315
597440.362;3678505.720;-30.307
597439.851;3678505.701;-30.297
597439.348;3678505.635;-30.287
597438.847;3678505.558;-30.282
597438.354;3678505.503;-30.275
597437.851;3678505.474;-30.267
597437.347;3678505.399;-30.264
597436.865;3678505.341;-30.267
597436.371;3678505.305;-30.262
597435.876;3678505.261;-30.250
597435.393;3678505.214;-30.239
597434.811;3678505.126;-30.229
597434.325;3678505.064;-30.229
597433.831;3678505.053;-30.225
597433.356;3678504.972;-30.215
597432.870;3678504.934;-30.208
597432.376;3678504.902;-30.199
597431.882;3678504.853;-30.195
597431.392;3678504.808;-30.191
597430.898;3678504.763;-30.186
597430.413;3678504.663;-30.177
597429.916;3678504.603;-30.177
597429.420;3678504.601;-30.169
597428.919;3678504.545;-30.163
597428.429;3678504.507;-30.155
597427.931;3678504.456;-30.146
597427.426;3678504.388;-30.141
597426.918;3678504.334;-30.139
597426.418;3678504.278;-30.137
597425.927;3678504.209;-30.134
597425.439;3678504.160;-30.131
597424.864;3678504.086;-30.127
597424.372;3678504.066;-30.124
597423.872;3678504.000;-30.122
597423.392;3678503.950;-30.113
597422.908;3678503.896;-30.112
597422.407;3678503.842;-30.113
597421.904;3678503.804;-30.112
597421.410;3678503.753;-30.106
597420.923;3678503.722;-30.102
597420.429;3678503.678;-30.095
597419.926;3678503.612;-30.085
597419.440;3678503.568;-30.084
597418.956;3678503.524;-30.082
597418.473;3678503.473;-30.076
597417.962;3678503.402;-30.074
597417.470;3678503.328;-30.071
597416.997;3678503.299;-30.068
597416.493;3678503.268;-30.058
597415.977;3678503.202;-30.054
597415.485;3678503.147;-30.048
597414.975;3678503.123;-30.046
597414.486;3678503.034;-30.041
597414.010;3678502.951;-30.039
597413.425;3678502.937;-30.037
597412.927;3678502.901;-30.035
597412.451;3678502.854;-30.030
597411.970;3678502.824;-30.022
597411.470;3678502.746;-30.019
597410.978;3678502.683;-30.018
597410.500;3678502.623;-30.012
597409.972;3678502.576;-30.008
597409.480;3678502.553;-30.003
597408.989;3678502.503;-29.999
597408.517;3678502.425;-30.001
597408.018;3678502.386;-30.003
597407.527;3678502.333;-30.001
597407.035;3678502.259;-29.996
597406.457;3678502.233;-29.988
597406.052;3678502.185;-29.982
597405.554;3678502.114;-29.977
597405.056;3678502.043;-29.983
597404.470;3678502.031;-29.983
597403.980;3678501.948;-29.977
597403.493;3678501.888;-29.972
597402.989;3678501.854;-29.965
597402.495;3678501.772;-29.957
597402.004;3678501.685;-29.953
597401.502;3678501.688;-29.953
597401.003;3678501.662;-29.952
597400.521;3678501.604;-29.949
597400.012;3678501.569;-29.941
597399.497;3678501.521;-29.941
597398.994;3678501.487;-29.936
597398.495;3678501.438;-29.930
597398.008;3678501.362;-29.926
597397.520;3678501.292;-29.921
597397.009;3678501.256;-29.918
597396.510;3678501.195;-29.911
597396.009;3678501.121;-29.904
597395.604;3678501.078;-29.901
597395.112;3678501.047;-29.900
597394.530;3678500.958;-29.893
597394.018;3678500.928;-29.889
597393.523;3678500.877;-29.880
597393.026;3678500.833;-29.870
597392.537;3678500.783;-29.866
597392.063;3678500.747;-29.862
597391.576;3678500.669;-29.859
597391.077;3678500.616;-29.856
597390.586;3678500.546;-29.854
597390.070;3678500.549;-29.848
597389.591;3678500.507;-29.840
597389.097;3678500.411;-29.836
597388.601;3678500.400;-29.830
597388.097;3678500.398;-29.828
597387.599;3678500.291;-29.813
597387.113;3678500.180;-29.808
597386.628;3678500.156;-29.807
597386.064;3678500.107;-29.804
597385.573;3678500.092;-29.798
597385.074;3678500.027;-29.790
597384.600;3678499.969;-29.779
597384.112;3678499.848;-29.774
597383.623;3678499.786;-29.772
597383.154;3678499.754;-29.769
597382.658;3678499.732;-29.765
597382.161;3678499.716;-29.762
597381.660;3678499.689;-29.756
597381.101;3678499.565;-29.741
597380.602;3678499.505;-29.735
597380.191;3678499.490;-29.732
597379.619;3678499.429;-29.726
597379.120;3678499.310;-29.721
597378.625;3678499.269;-29.718
597378.124;3678499.261;-29.712
597377.627;3678499.182;-29.707
597377.137;3678499.118;-29.702
597376.659;3678499.102;-29.696
597376.179;3678499.086;-29.693
597375.691;3678499.014;-29.689
597375.187;3678498.972;-29.681
597374.675;3678498.946;-29.678
597374.186;3678498.855;-29.672
597373.691;3678498.799;-29.666
597373.208;3678498.758;-29.662
597372.726;3678498.696;-29.658
597372.171;3678498.686;-29.657
597371.719;3678498.658;-29.648
597371.213;3678498.584;-29.634
597370.720;3678498.504;-29.626
597370.241;3678498.414;-29.617
597369.654;3678498.415;-29.610
597369.176;3678498.348;-29.606
597368.682;3678498.314;-29.603
597368.205;3678498.256;-29.603
597367.703;3678498.175;-29.596
597367.206;3678498.142;-29.589
597366.723;3678498.101;-29.581
597366.236;3678498.042;-29.579
597365.751;3678497.979;-29.573
597365.254;3678497.926;-29.566
597364.775;3678497.905;-29.562
597364.204;3678497.839;-29.560
597363.725;3678497.776;-29.555
597363.237;3678497.728;-29.546
597362.756;3678497.697;-29.534
597362.257;3678497.601;-29.530
597361.760;3678497.568;-29.527
597361.269;3678497.526;-29.524
597360.767;3678497.488;-29.520
597360.280;3678497.430;-29.513
597359.795;3678497.362;-29.504
597359.296;3678497.298;-29.496
597358.781;3678497.254;-29.490
597358.302;3678497.226;-29.487
597357.737;3678497.170;-29.481
597357.222;3678497.127;-29.470
597356.742;3678497.068;-29.466
597356.273;3678497.009;-29.459
597355.796;3678496.957;-29.451
597355.295;3678496.887;-29.445
597354.785;3678496.836;-29.445
597354.293;3678496.828;-29.443
597353.809;3678496.763;-29.437
597353.305;3678496.670;-29.430
597352.815;3678496.656;-29.427
597352.332;3678496.618;-29.421
597351.831;3678496.571;-29.412
597351.346;3678496.482;-29.401
597350.771;3678496.385;-29.393
597350.273;3678496.366;-29.392
597349.770;3678496.341;-29.389
597349.276;3678496.295;-29.379
597348.780;3678496.226;-29.368
597348.269;3678496.209;-29.357
597347.791;3678496.126;-29.348
597347.307;3678496.057;-29.348
597346.806;3678496.022;-29.346
597346.292;3678495.990;-29.343
597345.805;3678495.942;-29.341
597345.330;3678495.872;-29.330
597344.825;3678495.818;-29.322
597344.319;3678495.788;-29.315
597343.813;3678495.736;-29.308
597343.330;3678495.699;-29.303
597342.840;3678495.610;-29.298
597342.339;3678495.576;-29.298
597341.855;3678495.524;-29.294
597341.356;3678495.462;-29.292
597340.877;3678495.409;-29.284
597340.373;3678495.340;-29.284
597339.856;3678495.291;-29.286
597339.386;3678495.241;-29.287
597338.913;3678495.212;-29.278
597338.321;3678495.144;-29.268
597337.922;3678495.087;-29.264
597337.331;3678495.041;-29.259
597336.927;3678494.992;-29.256
597336.422;3678494.931;-29.255
597335.842;3678494.840;-29.251
597335.361;3678494.811;-29.250
597334.859;3678494.797;-29.248
597334.360;3678494.745;-29.243
597333.869;3678494.653;-29.239
597332.885;3678494.610;-29.232
597332.413;3678494.495;-29.226
597331.907;3678494.488;-29.221
597331.397;3678494.449;-29.213
597330.901;3678494.365;-29.210
597330.427;3678494.291;-29.204
597329.931;3678494.273;-29.202
597329.424;3678494.240;-29.198
597328.942;3678494.177;-29.193
597328.444;3678494.121;-29.188
597327.955;3678494.079;-29.183
597327.463;3678494.027;-29.184
597326.972;3678493.976;-29.184
597326.480;3678493.930;-29.177
597325.980;3678493.875;-29.167
597325.393;3678493.794;-29.155
597324.894;3678493.734;-29.148
597324.486;3678493.709;-29.147
597323.900;3678493.664;-29.141
597323.414;3678493.579;-29.133
597322.919;3678493.543;-29.128
597322.408;3678493.526;-29.118
597321.909;3678493.470;-29.106
597321.412;3678493.402;-29.099
597320.927;3678493.337;-29.091
597320.433;3678493.310;-29.086
597319.953;3678493.268;-29.085
597319.459;3678493.212;-29.081
597318.953;3678493.146;-29.078
597318.480;3678493.080;-29.075
597317.995;3678493.060;-29.073
597317.497;3678493.012;-29.064
597317.002;3678492.932;-29.053
597316.498;3678492.893;-29.052
597316.007;3678492.837;-29.053
597315.530;3678492.755;-29.049
597314.964;3678492.706;-29.049
597314.471;3678492.675;-29.042
597313.989;3678492.626;-29.035
597313.511;3678492.586;-29.030
597313.023;3678492.514;-29.025
597312.540;3678492.463;-29.026
597311.961;3678492.438;-29.024
597311.466;3678492.366;-29.021
597311.015;3678492.307;-29.021
597310.552;3678492.311;-29.015
597310.036;3678492.281;-29.010
597309.552;3678492.207;-28.997
597308.982;3678492.116;-28.992
597308.488;3678492.075;-28.989
597308.002;3678491.979;-28.984
597307.502;3678491.901;-28.983
597307.088;3678491.880;-28.980
597306.492;3678491.850;-28.973
597306.087;3678491.792;-28.966
597305.584;3678491.754;-28.964
597305.090;3678491.707;-28.965
597304.515;3678491.646;-28.959
597304.021;3678491.572;-28.951
597303.543;3678491.550;-28.952
597302.582;3678491.430;-28.946
597302.031;3678491.405;-28.941
597301.564;3678491.291;-28.934
597301.059;3678491.233;-28.928
597300.582;3678491.250;-28.925
597300.107;3678491.253;-28.923
597299.620;3678491.161;-28.919
597299.032;3678491.089;-28.910
597298.562;3678491.018;-28.905
597298.087;3678490.987;-28.902
597297.608;3678490.917;-28.899
597297.108;3678490.867;-28.890
597296.590;3678490.817;-28.885
597296.106;3678490.781;-28.879
597295.627;3678490.701;-28.877
597295.107;3678490.661;-28.873
597294.601;3678490.681;-28.867
597294.109;3678490.591;-28.859
597293.624;3678490.540;-28.854
597293.146;3678490.459;-28.845
597292.639;3678490.407;-28.844
597292.149;3678490.348;-28.846
597291.655;3678490.300;-28.849
597291.154;3678490.266;-28.845
597290.596;3678490.179;-28.834
597290.104;3678490.146;-28.825
597289.598;3678490.124;-28.816
597289.121;3678490.049;-28.807
597288.630;3678489.985;-28.801
597288.154;3678489.910;-28.798
597287.642;3678489.903;-28.799
597287.143;3678489.848;-28.800
597286.094;3678489.770;-28.784
597285.605;3678489.687;-28.772
597285.108;3678489.652;-28.772
597284.680;3678489.539;-28.772
597284.185;3678489.545;-28.767
597283.660;3678489.502;-28.760
597283.167;3678489.455;-28.760
597282.687;3678489.423;-28.751
597282.193;3678489.384;-28.745
597281.700;3678489.281;-28.736
597281.219;3678489.195;-28.734
597280.635;3678489.157;-28.730
597280.138;3678489.099;-28.726
597279.643;3678489.043;-28.718
597279.150;3678488.970;-28.713
597278.650;3678488.935;-28.710
597278.241;3678488.868;-28.704
597277.729;3678488.854;-28.697
597277.229;3678488.801;-28.689
597276.753;3678488.691;-28.686
597276.174;3678488.655;-28.683
597275.682;3678488.674;-28.680
597275.195;3678488.583;-28.678
597274.687;3678488.547;-28.675
597274.178;3678488.505;-28.669
597273.684;3678488.466;-28.660
597273.210;3678488.411;-28.655
597272.739;3678488.352;-28.650
597272.242;3678488.316;-28.646
597271.743;3678488.263;-28.638
597271.247;3678488.204;-28.635
597270.744;3678488.153;-28.631
597270.243;3678488.115;-28.628
597269.740;3678488.085;-28.622
597269.254;3678488.012;-28.612
597268.768;3678487.922;-28.605
597267.720;3678487.806;-28.596
597267.223;3678487.792;-28.592
597266.724;3678487.742;-28.586
597266.214;3678487.714;-28.580
597265.723;3678487.653;-28.571
597265.227;3678487.600;-28.559
597264.727;3678487.544;-28.554
597264.249;3678487.455;-28.553
597263.759;3678487.403;-28.557
597263.275;3678487.379;-28.556
597262.776;3678487.340;-28.551
597262.282;3678487.288;-28.545
597261.786;3678487.233;-28.539
597261.296;3678487.170;-28.527
597260.792;3678487.137;-28.523
597260.307;3678487.085;-28.520
597259.808;3678487.042;-28.517
597259.308;3678486.974;-28.514
597258.828;3678486.913;-28.507
597258.338;3678486.863;-28.500
597257.807;3678486.828;-28.494
597257.316;3678486.804;-28.488
597256.834;3678486.715;-28.484
597256.331;3678486.624;-28.477
597255.827;3678486.596;-28.472
597255.325;3678486.553;-28.466
597254.817;3678486.491;-28.461
597254.322;3678486.447;-28.457
597253.829;3678486.386;-28.453
597253.327;3678486.333;-28.449
597252.846;3678486.274;-28.444
597252.353;3678486.237;-28.436
597251.858;3678486.197;-28.434
597251.367;3678486.140;-28.425
597250.877;3678486.075;-28.419
597250.388;3678486.007;-28.410
597249.802;3678485.963;-28.404
597249.311;3678485.941;-28.398
597248.812;3678485.890;-28.390
597248.314;3678485.784;-28.385
597247.819;3678485.760;-28.383
597247.349;3678485.695;-28.376
597246.863;3678485.676;-28.370
597246.354;3678485.617;-28.359
597245.855;3678485.573;-28.356
597245.375;3678485.510;-28.354
597244.869;3678485.478;-28.347
597244.377;3678485.459;-28.336
597243.907;3678485.373;-28.327
597243.401;3678485.296;-28.321
597242.902;3678485.280;-28.319
597242.370;3678485.241;-28.309
597241.905;3678485.163;-28.303
597241.394;3678485.113;-28.297
597240.884;3678485.053;-28.293
597240.411;3678484.997;-28.283
597239.884;3678484.923;-28.276
597239.381;3678484.908;-28.275
597238.905;3678484.823;-28.272
597238.403;3678484.791;-28.268
597237.905;3678484.711;-28.262
597237.414;3678484.609;-28.262
597236.905;3678484.611;-28.260
597236.443;3678484.619;-28.255
597235.900;3678484.561;-28.247
597235.412;3678484.471;-28.239
597234.893;3678484.424;-28.232
597234.382;3678484.384;-28.228
597233.892;3678484.335;-28.226
597233.401;3678484.309;-28.223
597232.927;3678484.263;-28.219
597232.435;3678484.209;-28.217
597231.960;3678484.153;-28.213
597231.483;3678484.076;-28.210
597230.973;3678484.035;-28.207
597230.486;3678484.002;-28.201
597229.989;3678483.947;-28.199
597229.487;3678483.888;-28.195
597228.915;3678483.838;-28.192
597228.447;3678483.767;-28.191
597227.967;3678483.762;-28.184
597227.454;3678483.677;-28.178
597226.951;3678483.611;-28.174
597226.456;3678483.580;-28.169
597225.938;3678483.524;-28.163
597225.422;3678483.468;-28.161
597224.921;3678483.418;-28.159
597224.430;3678483.369;-28.158
597223.955;3678483.304;-28.148
597223.446;3678483.256;-28.141
597222.946;3678483.202;-28.134
597222.452;3678483.159;-28.133
597221.969;3678483.126;-28.134
597221.476;3678483.094;-28.129
597221.000;3678483.030;-28.126
597220.515;3678482.922;-28.123
597220.008;3678482.881;-28.124
597219.527;3678482.848;-28.125
597219.039;3678482.797;-28.118
597218.547;3678482.749;-28.116
597218.052;3678482.680;-28.116
597217.558;3678482.626;-28.111
597216.974;3678482.622;-28.102
597216.480;3678482.539;-28.098
597216.002;3678482.466;-28.098
597215.516;3678482.432;-28.099
597215.007;3678482.401;-28.096
597214.515;3678482.354;-28.091
597214.062;3678482.288;-28.088
597213.577;3678482.215;-28.083
597213.060;3678482.166;-28.078
597212.573;3678482.121;-28.074
597212.007;3678482.061;-28.067
597211.515;3678482.028;-28.065
597211.029;3678481.988;-28.060
597210.542;3678481.924;-28.054
597210.047;3678481.865;-28.054
597209.576;3678481.795;-28.051
597209.077;3678481.770;-28.045
597208.570;3678481.716;-28.038
597208.074;3678481.657;-28.034
597207.585;3678481.581;-28.035
597207.091;3678481.595;-28.045
597206.606;3678481.519;-28.043
597206.042;3678481.431;-28.034
597205.546;3678481.416;-28.024
597205.043;3678481.353;-28.012
597204.528;3678481.293;-28.007
597204.048;3678481.239;-28.007
597203.536;3678481.198;-28.006
597203.135;3678481.141;-28.011
597202.566;3678481.074;-28.008
597202.099;3678481.054;-28.005
597201.610;3678480.986;-27.995
597199.645;3678480.783;-27.989
597199.087;3678480.748;-27.987
597198.596;3678480.680;-27.985
597198.128;3678480.605;-27.978
597197.648;3678480.579;-27.971
597197.144;3678480.543;-27.964
597196.659;3678480.508;-27.953
597196.174;3678480.406;-27.946
597195.665;3678480.360;-27.944
597195.157;3678480.312;-27.940
597194.668;3678480.256;-27.934
597194.178;3678480.213;-27.923
597193.680;3678480.169;-27.913
597193.185;3678480.116;-27.905
597192.693;3678480.067;-27.900
597192.191;3678480.023;-27.896
597191.682;3678479.937;-27.889
597191.182;3678479.897;-27.884
597190.134;3678479.775;-27.871
597189.638;3678479.763;-27.862
597189.125;3678479.720;-27.856
597188.714;3678479.656;-27.850
597188.195;3678479.608;-27.844
597187.683;3678479.555;-27.839
597187.192;3678479.517;-27.836
597186.701;3678479.396;-27.829
597186.212;3678479.367;-27.825
597185.708;3678479.334;-27.823
597185.209;3678479.293;-27.822
597184.710;3678479.246;-27.820
597184.223;3678479.189;-27.812
597183.651;3678479.159;-27.809
597183.161;3678479.110;-27.805
597182.666;3678479.047;-27.800
597182.184;3678478.988;-27.794
597181.702;3678478.905;-27.789
597181.226;3678478.905;-27.782
597180.730;3678478.843;-27.782
597180.256;3678478.765;-27.779
597179.686;3678478.757;-27.778
597179.194;3678478.670;-27.774
597178.707;3678478.651;-27.772
597178.231;3678478.595;-27.768
597177.765;3678478.553;-27.767
597177.203;3678478.467;-27.757
597176.700;3678478.385;-27.749
597176.200;3678478.342;-27.744
597175.694;3678478.303;-27.743
597175.218;3678478.237;-27.740
597174.731;3678478.170;-27.740
597174.246;3678478.106;-27.736
597173.744;3678478.070;-27.739
597173.253;3678478.055;-27.739
597172.765;3678478.017;-27.736
597172.299;3678477.948;-27.730
597171.720;3678477.863;-27.727
597171.222;3678477.832;-27.723
597170.720;3678477.768;-27.715
597170.239;3678477.714;-27.715
597169.772;3678477.693;-27.715
597169.293;3678477.591;-27.711
597168.797;3678477.588;-27.704
597168.319;3678477.538;-27.696
597167.776;3678477.418;-27.694
597167.266;3678477.375;-27.698
597166.792;3678477.400;-27.693
597166.317;3678477.328;-27.689
597165.752;3678477.289;-27.682
597165.270;3678477.189;-27.676
597164.781;3678477.189;-27.673
597164.300;3678477.127;-27.669
597163.807;3678477.105;-27.667
597163.333;3678476.976;-27.665
597162.851;3678476.948;-27.672
597162.281;3678476.905;-27.668
597161.771;3678476.859;-27.663
597161.276;3678476.796;-27.657
597160.777;3678476.756;-27.657
597160.305;3678476.717;-27.654
597159.815;3678476.649;-27.644
597159.313;3678476.575;-27.643
597158.803;3678476.531;-27.640
597158.316;3678476.503;-27.626
597157.797;3678476.456;-27.631
597157.332;3678476.397;-27.621
597156.850;3678476.318;-27.615
597156.341;3678476.257;-27.613
597155.843;3678476.218;-27.613
597155.350;3678476.172;-27.612
597154.848;3678476.188;-27.605
597154.363;3678476.091;-27.589
597153.862;3678476.040;-27.581
597153.361;3678475.987;-27.579
597152.878;3678475.920;-27.579
597152.389;3678475.846;-27.577
597151.896;3678475.830;-27.574
597151.392;3678475.813;-27.571
597150.907;3678475.751;-27.571
597150.331;3678475.638;-27.570
597149.924;3678475.597;-27.564
597149.337;3678475.549;-27.557
597148.841;3678475.461;-27.558
597148.363;3678475.417;-27.554
597147.869;3678475.377;-27.551
597147.358;3678475.332;-27.550
597146.859;3678475.349;-27.546
597146.386;3678475.273;-27.541
597145.916;3678475.152;-27.538
597145.407;3678475.136;-27.535
597144.897;3678475.082;-27.533
597144.384;3678475.047;-27.527
597143.862;3678475.013;-27.526
597143.400;3678474.961;-27.526
597142.914;3678474.931;-27.533
597142.442;3678474.874;-27.534
597141.956;3678474.828;-27.531
597141.459;3678474.780;-27.523
597140.964;3678474.705;-27.515
597140.375;3678474.639;-27.510
597139.980;3678474.587;-27.511
597139.480;3678474.530;-27.511
597138.894;3678474.471;-27.507
597138.413;3678474.303;-27.495
597137.936;3678474.113;-27.489
597137.468;3678474.025;-27.488
597137.019;3678473.899;-27.484
597136.512;3678473.584;-27.480
597136.114;3678473.021;-27.474
597135.132;3678472.758;-27.467
597134.639;3678472.698;-27.471
597134.068;3678472.628;-27.472
597133.597;3678472.562;-27.468
597133.133;3678472.519;-27.462
597132.639;3678472.502;-27.460
597132.151;3678472.500;-27.453
597131.584;3678472.395;-27.449
597131.163;3678472.331;-27.443
597130.581;3678472.318;-27.439
597130.115;3678472.176;-27.435
597129.642;3678472.158;-27.440
597129.145;3678472.095;-27.443
597128.680;3678472.048;-27.445
597128.115;3678471.958;-27.440
597127.605;3678471.933;-27.435
597127.107;3678471.867;-27.428
597126.602;3678471.846;-27.425
597126.188;3678471.814;-27.421
597125.643;3678471.753;-27.417
597125.159;3678471.696;-27.415
597124.679;3678471.665;-27.415
597124.190;3678471.635;-27.411
597123.691;3678471.587;-27.409
597123.114;3678471.535;-27.406
597122.670;3678471.464;-27.406
597122.190;3678471.390;-27.409
597121.621;3678471.329;-27.404
597121.150;3678471.255;-27.396
597120.663;3678471.229;-27.395
597120.186;3678471.188;-27.390
597119.704;3678471.098;-27.381
597119.214;3678471.074;-27.380
597118.671;3678470.989;-27.375
597118.200;3678470.928;-27.372
597117.712;3678470.874;-27.366
597117.236;3678470.865;-27.364
597116.739;3678470.760;-27.363
597116.249;3678470.727;-27.360
597115.686;3678470.662;-27.356
597115.224;3678470.645;-27.353
597114.762;3678470.538;-27.352
597114.177;3678470.536;-27.357
597113.689;3678470.471;-27.356
597113.218;3678470.413;-27.353
597112.739;3678470.409;-27.348
597112.253;3678470.319;-27.342
597111.697;3678470.308;-27.338
597111.213;3678470.189;-27.336
597110.730;3678470.130;-27.341
597110.205;3678470.148;-27.350
597109.733;3678470.093;-27.355
597109.268;3678470.039;-27.347
597108.766;3678469.987;-27.331
597108.274;3678469.954;-27.323
597107.698;3678469.927;-27.325
597107.237;3678469.849;-27.324
597106.747;3678469.815;-27.321
597106.238;3678469.785;-27.318
597105.735;3678469.741;-27.324
597105.256;3678469.686;-27.330
597104.714;3678469.616;-27.330
597104.249;3678469.601;-27.329
597103.769;3678469.584;-27.320
597103.273;3678469.526;-27.312
597102.794;3678469.424;-27.301
597102.316;3678469.372;-27.301
597101.773;3678469.317;-27.300
597101.294;3678469.260;-27.300
597100.744;3678469.269;-27.296
597100.268;3678469.251;-27.296
597099.760;3678469.233;-27.291
597099.320;3678469.092;-27.283
597098.831;3678469.061;-27.284
597098.274;3678469.009;-27.288
597097.797;3678468.941;-27.285
597097.287;3678468.878;-27.279
597096.781;3678468.827;-27.271
597096.284;3678468.752;-27.262
597095.767;3678468.699;-27.261
597095.271;3678468.658;-27.268
597094.795;3678468.580;-27.280
597094.335;3678468.560;-27.292
597093.776;3678468.560;-27.288
597093.324;3678468.473;-27.268
597092.848;3678468.353;-27.257
597092.349;3678468.337;-27.249
597091.874;3678468.267;-27.247
597091.301;3678468.164;-27.242
597090.813;3678468.132;-27.247
597090.324;3678468.077;-27.249
597089.839;3678468.028;-27.248
597089.358;3678467.963;-27.243
597088.853;3678467.887;-27.241
597088.377;3678467.866;-27.240
597087.899;3678467.820;-27.239
597087.318;3678467.757;-27.234
597086.829;3678467.760;-27.228
597086.360;3678467.718;-27.229
597085.895;3678467.637;-27.230
597085.318;3678467.574;-27.228
597084.830;3678467.520;-27.228
597084.354;3678467.518;-27.225
597083.880;3678467.439;-27.217
597083.397;3678467.363;-27.220
597082.842;3678467.307;-27.215
597082.364;3678467.250;-27.211
597081.871;3678467.203;-27.205
597081.376;3678467.222;-27.207
597080.896;3678467.155;-27.204
597080.419;3678467.173;-27.202
597079.866;3678467.049;-27.200
597079.338;3678467.026;-27.199
597078.935;3678466.974;-27.200
597078.353;3678466.912;-27.201
597077.864;3678466.863;-27.198
597077.428;3678466.798;-27.190
597076.942;3678466.743;-27.184
597076.443;3678466.706;-27.183
597075.878;3678466.644;-27.182
597075.387;3678466.611;-27.180
597074.867;3678466.569;-27.181
597074.370;3678466.510;-27.179
597073.893;3678466.444;-27.177
597073.398;3678466.401;-27.174
597072.904;3678466.375;-27.172
597072.430;3678466.288;-27.164
597071.953;3678466.254;-27.160
597071.454;3678466.219;-27.159
597070.942;3678466.151;-27.158
597070.471;3678466.135;-27.157
597069.926;3678466.068;-27.157
597069.473;3678466.042;-27.153
597068.993;3678465.946;-27.148
597068.488;3678465.899;-27.140
597067.993;3678465.821;-27.141
597067.406;3678465.809;-27.144
597066.994;3678465.777;-27.144
597066.488;3678465.739;-27.144
597066.003;3678465.686;-27.142
597065.508;3678465.612;-27.138
597065.000;3678465.565;-27.137
597064.435;3678465.549;-27.134
597063.953;3678465.540;-27.130
597063.461;3678465.487;-27.120
597062.943;3678465.313;-27.117
597062.482;3678465.300;-27.121
597061.996;3678465.243;-27.123
597061.508;3678465.166;-27.119
597061.014;3678465.116;-27.119
597060.446;3678465.108;-27.118
597059.976;3678465.021;-27.110
597059.481;3678464.982;-27.110
597059.015;3678464.897;-27.100
597058.535;3678464.912;-27.102
597058.035;3678464.857;-27.099
597057.452;3678464.821;-27.101
597056.978;3678464.767;-27.097
597056.482;3678464.712;-27.094
597055.986;3678464.701;-27.088
597055.522;3678464.648;-27.080
597055.032;3678464.616;-27.073
597054.546;3678464.559;-27.070
597054.048;3678464.527;-27.073
597053.481;3678464.474;-27.069
597052.993;3678464.396;-27.060
597052.490;3678464.346;-27.055
597051.989;3678464.326;-27.048
597051.522;3678464.261;-27.044
597051.024;3678464.186;-27.039
597050.525;3678464.155;-27.041
597050.047;3678464.105;-27.032
597049.544;3678464.046;-27.022
597049.039;3678463.972;-27.019
597048.550;3678463.954;-27.019
597048.085;3678463.918;-27.016
597047.595;3678463.809;-27.010
597047.087;3678463.782;-27.000
597046.519;3678463.691;-26.993
597046.035;3678463.670;-26.992
597045.544;3678463.634;-26.996
597045.063;3678463.558;-26.992
597044.570;3678463.526;-26.988
597044.082;3678463.502;-26.983
597043.612;3678463.393;-26.977
597043.062;3678463.348;-26.975
597042.566;3678463.285;-26.970
597042.085;3678463.199;-26.967
597041.621;3678463.177;-26.967
597041.131;3678463.141;-26.967
597040.552;3678463.096;-26.964
597040.075;3678463.028;-26.960
597039.590;3678462.957;-26.957
597039.077;3678462.946;-26.957
597038.592;3678462.889;-26.957
597038.096;3678462.837;-26.957
597037.606;3678462.788;-26.951
597037.130;3678462.724;-26.944
597036.628;3678462.657;-26.944
597036.146;3678462.624;-26.947
597035.590;3678462.540;-26.943
597035.100;3678462.483;-26.946
597034.644;3678462.420;-26.941
597034.169;3678462.367;-26.937
597033.585;3678462.320;-26.931
597033.117;3678462.273;-26.932
597032.638;3678462.229;-26.926
597032.178;3678462.148;-26.925
597031.600;3678462.117;-26.920
597031.123;3678462.071;-26.915
597030.632;3678461.997;-26.913
597030.158;3678461.941;-26.908
597029.627;3678461.901;-26.908
597029.161;3678461.849;-26.907
597028.666;3678461.812;-26.911
597028.182;3678461.734;-26.911
597027.697;3678461.692;-26.910
597027.203;3678461.643;-26.904
597026.695;3678461.591;-26.895
597026.202;3678461.522;-26.893
597025.704;3678461.428;-26.895
597025.208;3678461.413;-26.897
597024.731;3678461.330;-26.896
597024.147;3678461.257;-26.893
597023.738;3678461.204;-26.890
597023.228;3678461.172;-26.885
597022.742;3678461.111;-26.882
597022.247;3678461.043;-26.888
597021.747;3678461.035;-26.890
597021.172;3678460.946;-26.891
597020.700;3678460.918;-26.886
597020.198;3678460.922;-26.883
597019.713;3678460.863;-26.878
597019.243;3678460.781;-26.873
597018.755;3678460.769;-26.875
597018.194;3678460.720;-26.872
597017.737;3678460.673;-26.872
597017.274;3678460.501;-26.867
597016.684;3678460.518;-26.866
597016.185;3678460.452;-26.863
597015.697;3678460.392;-26.859
597015.188;3678460.334;-26.855
597014.708;3678460.271;-26.856
597014.243;3678460.195;-26.854
597013.750;3678460.143;-26.857
597013.263;3678460.023;-26.852
597012.777;3678459.949;-26.852
597012.290;3678459.919;-26.841
597011.814;3678459.877;-26.842
597011.250;3678459.843;-26.841
597010.779;3678459.812;-26.843
597010.300;3678459.722;-26.841
597009.807;3678459.641;-26.843
597009.313;3678459.603;-26.845
597008.764;3678459.557;-26.845
597008.260;3678459.546;-26.841
597007.761;3678459.455;-26.838
597007.262;3678459.399;-26.837
597006.753;3678459.345;-26.834
597006.279;3678459.197;-26.836
597005.790;3678459.192;-26.840
597005.293;3678459.249;-26.837
597004.801;3678459.141;-26.840
597004.298;3678459.107;-26.839
597003.819;3678459.072;-26.835
597003.335;3678459.035;-26.831
597002.860;3678458.962;-26.828
597002.274;3678458.922;-26.823
597001.864;3678458.869;-26.820
597001.334;3678458.829;-26.821
597000.871;3678458.770;-26.820
597000.274;3678458.717;-26.820
596999.814;3678458.674;-26.815
596999.334;3678458.636;-26.816
596998.849;3678458.588;-26.814
596998.358;3678458.535;-26.817
596997.850;3678458.470;-26.815
596997.351;3678458.424;-26.809
596996.865;3678458.368;-26.804
596996.309;3678458.316;-26.797
596995.804;3678458.299;-26.790
596995.325;3678458.256;-26.782
596994.834;3678458.227;-26.779
596994.346;3678458.175;-26.774
596993.875;3678458.136;-26.775
596993.313;3678458.107;-26.775
596992.852;3678458.033;-26.777
596992.369;3678458.031;-26.775
596991.900;3678457.904;-26.766
596991.354;3678457.818;-26.757
596990.856;3678457.711;-26.753
596990.357;3678457.735;-26.751
596989.889;3678457.681;-26.751
596989.426;3678457.625;-26.749
596988.870;3678457.605;-26.750
596988.384;3678457.538;-26.742
596987.875;3678457.524;-26.738
596987.432;3678457.417;-26.731
596986.880;3678457.358;-26.731
596986.380;3678457.296;-26.723
596985.887;3678457.271;-26.724
596985.421;3678457.192;-26.717
596984.869;3678457.147;-26.719
596984.405;3678457.172;-26.720
596983.941;3678457.070;-26.713
596983.447;3678457.039;-26.706
596982.944;3678456.944;-26.701
596982.454;3678456.882;-26.701
596981.963;3678456.804;-26.700
596981.389;3678456.746;-26.701
596980.897;3678456.730;-26.700
596980.423;3678456.684;-26.695
596979.938;3678456.643;-26.694
596979.452;3678456.610;-26.691
596978.973;3678456.575;-26.686
596978.441;3678456.459;-26.683
596977.932;3678456.417;-26.681
596977.435;3678456.406;-26.678
596976.954;3678456.340;-26.677
596976.464;3678456.284;-26.675
596975.994;3678456.206;-26.670
596975.499;3678456.122;-26.667
596975.006;3678456.056;-26.664
596974.435;3678456.050;-26.663
596973.939;3678455.988;-26.663
596973.460;3678455.988;-26.666
596972.969;3678455.914;-26.660
596972.463;3678455.852;-26.649
596971.953;3678455.789;-26.643
596971.469;3678455.727;-26.639
596970.972;3678455.684;-26.641
596970.478;3678455.635;-26.645
596969.974;3678455.602;-26.654
596969.518;3678455.570;-26.650
596969.029;3678455.491;-26.643
596968.450;3678455.434;-26.634
596967.962;3678455.364;-26.625
596967.491;3678455.299;-26.625
596967.018;3678455.255;-26.634
596966.475;3678455.247;-26.635
596965.526;3678455.146;-26.621
596965.059;3678455.054;-26.619
596964.476;3678455.087;-26.620
596964.000;3678455.044;-26.615
596963.517;3678454.981;-26.602
596963.035;3678454.902;-26.601
596962.557;3678454.889;-26.600
596960.498;3678454.688;-26.603
596960.017;3678454.675;-26.596
596959.545;3678454.635;-26.590
596959.069;3678454.581;-26.584
596958.582;3678454.505;-26.584
596958.026;3678454.464;-26.586
596957.522;3678454.410;-26.586
596957.027;3678454.372;-26.582
596956.539;3678454.296;-26.576
596956.076;3678454.281;-26.580
596955.538;3678454.227;-26.583
596955.055;3678454.200;-26.580
596954.563;3678454.162;-26.572
596954.025;3678454.091;-26.561
596953.547;3678453.987;-26.558
596953.066;3678453.941;-26.552
596952.580;3678453.890;-26.550
596952.093;3678453.815;-26.547
596951.606;3678453.838;-26.551
596951.072;3678453.741;-26.542
596950.607;3678453.624;-26.528
596950.119;3678453.572;-26.522
596949.547;3678453.468;-26.513
596949.078;3678453.434;-26.512
596948.590;3678453.438;-26.519
596948.103;3678453.388;-26.523
596947.621;3678453.373;-26.523
596947.072;3678453.241;-26.515
596946.609;3678453.220;-26.508
596946.122;3678453.178;-26.499
596945.644;3678453.090;-26.492
596945.089;3678453.032;-26.489
596944.640;3678452.992;-26.484
596944.165;3678452.929;-26.481
596943.588;3678452.903;-26.482
596943.107;3678452.829;-26.485
596942.662;3678452.810;-26.484
596942.076;3678452.758;-26.473
596941.664;3678452.700;-26.472
596941.093;3678452.750;-26.466
596940.613;3678452.625;-26.461
596940.094;3678452.641;-26.458
596939.621;3678452.614;-26.444
596939.164;3678452.550;-26.444
596938.629;3678452.512;-26.440
596938.170;3678452.508;-26.441
596937.615;3678452.461;-26.439
596937.138;3678452.419;-26.438
596936.659;3678452.372;-26.436
596936.177;3678452.306;-26.432
596935.680;3678452.311;-26.426
596935.189;3678452.239;-26.420
596934.625;3678452.186;-26.417
596934.148;3678452.201;-26.414
596933.632;3678452.081;-26.410
596933.168;3678452.143;-26.413
596932.687;3678452.080;-26.405
596932.193;3678452.052;-26.405
596931.611;3678452.020;-26.404
596931.104;3678451.954;-26.405
596930.652;3678451.907;-26.410
596930.114;3678451.930;-26.410
596929.632;3678451.867;-26.407
596929.144;3678451.818;-26.408
596928.641;3678451.803;-26.407
596927.657;3678451.763;-26.392
596926.652;3678451.706;-26.396
596926.170;3678451.689;-26.399
596925.682;3678451.698;-26.396
596925.188;3678451.672;-26.392
596924.620;3678451.653;-26.391
596924.148;3678451.636;-26.382
596923.655;3678451.627;-26.379
596923.170;3678451.580;-26.377
596922.618;3678451.537;-26.378
596922.124;3678451.463;-26.373
596921.642;3678451.429;-26.370
596921.166;3678451.338;-26.368
596920.683;3678451.354;-26.368
596920.200;3678451.308;-26.369
596919.640;3678451.168;-26.366
596919.155;3678451.160;-26.368
596918.653;3678451.086;-26.368
596918.166;3678451.046;-26.367
596917.681;3678451.017;-26.367
596917.191;3678450.979;-26.367
596916.688;3678450.923;-26.364
596916.211;3678450.831;-26.363
596915.706;3678450.798;-26.365
596915.239;3678450.751;-26.363
596914.730;3678450.701;-26.358
596914.234;3678450.665;-26.359
596913.719;3678450.597;-26.365
596913.163;3678450.549;-26.359
596912.685;3678450.546;-26.354
596912.166;3678450.534;-26.348
596911.680;3678450.472;-26.343
596911.178;3678450.437;-26.338
596910.669;3678450.398;-26.332
596910.201;3678450.364;-26.327
596909.708;3678450.337;-26.330
596909.255;3678450.287;-26.334
596908.665;3678450.193;-26.333
596908.255;3678450.188;-26.333
596907.693;3678450.166;-26.326
596907.228;3678450.095;-26.322
596906.725;3678450.044;-26.319
596906.209;3678450.033;-26.314
596905.700;3678449.986;-26.320
596905.219;3678449.975;-26.318
596904.741;3678449.937;-26.310
596904.233;3678449.901;-26.302
596903.744;3678449.870;-26.301
596903.244;3678449.844;-26.301
596902.756;3678449.813;-26.296
596902.263;3678449.762;-26.299
596901.693;3678449.753;-26.299
596901.203;3678449.706;-26.296
596900.710;3678449.653;-26.295
596900.243;3678449.570;-26.284
596899.203;3678449.379;-26.268
596898.730;3678449.302;-26.271
596898.247;3678449.302;-26.276
596897.784;3678449.268;-26.275
596897.296;3678449.202;-26.273
596896.745;3678449.124;-26.274
596896.260;3678449.074;-26.267
596895.782;3678449.026;-26.261
596895.285;3678448.948;-26.251
596894.798;3678448.908;-26.245
596894.316;3678448.803;-26.236
596893.736;3678448.795;-26.236
596893.254;3678448.745;-26.237
596892.767;3678448.702;-26.233
596892.300;3678448.664;-26.231
596891.781;3678448.620;-26.227
596891.308;3678448.586;-26.218
596890.741;3678448.512;-26.215
596890.253;3678448.464;-26.216
596889.792;3678448.401;-26.220
596889.321;3678448.383;-26.223
596888.844;3678448.360;-26.217
596888.271;3678448.295;-26.212
596887.779;3678448.226;-26.206
596887.275;3678448.193;-26.202
596886.802;3678448.141;-26.198
596886.295;3678448.118;-26.192
596885.852;3678448.067;-26.191
596885.305;3678447.975;-26.192
596884.813;3678447.958;-26.194
596884.365;3678447.895;-26.199
596883.852;3678447.813;-26.201
596883.362;3678447.749;-26.196
596882.782;3678447.754;-26.203
596882.293;3678447.718;-26.205
596881.831;3678447.618;-26.194
596881.359;3678447.540;-26.182
596880.885;3678447.395;-26.165
596880.326;3678447.380;-26.162
596879.884;3678447.350;-26.161
596879.400;3678447.240;-26.163
596878.829;3678447.161;-26.156
596878.351;3678447.109;-26.153
596877.842;3678447.053;-26.151
596877.366;3678446.984;-26.148
596876.876;3678446.951;-26.145
596876.385;3678446.903;-26.150
596875.869;3678446.839;-26.150
596875.385;3678446.814;-26.146
596874.932;3678446.745;-26.135
596874.355;3678446.643;-26.128
596873.887;3678446.590;-26.132
596873.390;3678446.535;-26.129
596872.896;3678446.499;-26.129
596872.408;3678446.463;-26.129
596871.931;3678446.426;-26.127
596871.445;3678446.360;-26.122
596870.944;3678446.311;-26.115
596870.453;3678446.261;-26.106
596869.955;3678446.214;-26.103
596869.444;3678446.159;-26.102
596868.963;3678446.100;-26.102
596868.393;3678446.045;-26.099
596867.910;3678445.987;-26.100
596867.423;3678445.919;-26.103
596866.948;3678445.860;-26.101
596866.451;3678445.803;-26.097
596865.968;3678445.755;-26.094
596865.478;3678445.693;-26.090
596864.992;3678445.626;-26.088
596864.496;3678445.561;-26.088
596863.986;3678445.512;-26.087
596863.495;3678445.458;-26.086
596863.000;3678445.418;-26.083
596862.511;3678445.380;-26.080
596861.919;3678445.325;-26.075
596861.430;3678445.269;-26.071
596860.935;3678445.222;-26.067
596860.441;3678445.177;-26.065
596859.945;3678445.132;-26.060
596859.435;3678445.077;-26.057
596858.947;3678445.031;-26.052
596858.461;3678444.974;-26.047
596857.964;3678444.925;-26.044
596857.476;3678444.877;-26.040
596856.977;3678444.840;-26.041
596856.477;3678444.793;-26.038
596855.985;3678444.734;-26.040
596855.504;3678444.667;-26.041
596854.983;3678444.629;-26.039
596854.498;3678444.580;-26.037
596854.016;3678444.526;-26.038
596853.523;3678444.470;-26.037
596853.024;3678444.416;-26.031
596852.517;3678444.368;-26.022
596852.021;3678444.311;-26.012
596851.520;3678444.242;-26.005
596851.034;3678444.180;-26.002
596850.525;3678444.107;-25.999
596850.043;3678444.067;-25.998
596849.544;3678444.019;-25.995
596849.046;3678443.968;-25.991
596848.554;3678443.920;-25.990
596848.066;3678443.860;-25.986
596847.584;3678443.795;-25.984
596847.067;3678443.727;-25.985
596846.573;3678443.672;-25.980
596846.082;3678443.616;-25.977
596845.582;3678443.556;-25.976
596845.088;3678443.501;-25.976
596844.595;3678443.475;-25.975
596844.106;3678443.437;-25.972
596843.603;3678443.411;-25.971
596843.106;3678443.365;-25.961
596842.621;3678443.281;-25.955
596842.045;3678443.233;-25.956
596841.550;3678443.180;-25.959
596841.061;3678443.136;-25.957
596840.562;3678443.101;-25.954
596840.067;3678443.060;-25.947
596839.581;3678442.987;-25.937
596839.090;3678442.932;-25.935
596838.592;3678442.884;-25.939
596838.096;3678442.835;-25.946
596837.609;3678442.794;-25.947
596837.124;3678442.759;-25.941
596836.632;3678442.725;-25.942
596836.151;3678442.678;-25.942
596835.649;3678442.641;-25.944
596835.095;3678442.589;-25.942
596834.593;3678442.533;-25.938
596834.105;3678442.498;-25.933
596833.598;3678442.450;-25.928
596833.089;3678442.405;-25.927
596832.599;3678442.361;-25.928
596832.112;3678442.307;-25.933
596831.595;3678442.259;-25.932
596831.085;3678442.230;-25.924
596830.587;3678442.205;-25.909
596830.080;3678442.156;-25.894
596829.665;3678442.119;-25.890
596829.160;3678442.087;-25.894
596828.669;3678442.064;-25.897
596828.154;3678442.036;-25.901
596827.632;3678442.016;-25.907
596827.106;3678442.008;-25.911
596826.603;3678442.005;-25.912
596826.075;3678441.981;-25.907
596825.643;3678441.983;-25.906
596825.100;3678441.948;-25.913
596824.612;3678441.936;-25.926
596824.159;3678441.943;-25.926
596823.952;3678441.945;-25.914
